month,day,name,affiliation
1,1,モモ,アニマルマンション
1,1,ラインハルト・ヴァン・アストレア,Re:ゼロから始める異世界生活
1,1,才賀エレオノール,からくりサーカス
1,1,角谷杏,ガールズ＆パンツァー
1,1,アシリパ,ゴールデンカムイ
1,1,アレキサンドリア・ミート,キン肉マン
1,1,四宮かぐや,かぐや様は告らせたい
1,1,四条眞妃,かぐや様は告らせたい
1,1,マオ,コードギアス
1,1,椿野美幸,咲-Saki-
1,1,小百合,閃乱カグラ
1,1,諸葛亮孔明,一騎当千シリーズ
1,1,日向創,ダンガンロンパシリーズ
1,1,斉藤始,宇宙戦艦ヤマト
1,1,ホークママ,七つの大罪
1,1,ジャスミン,閃乱カグラ
1,1,宮内希,ガールフレンド(仮)
1,1,リーシャ・バレンタイン,RAVE
1,1,エリー,RAVE
1,2,西条節子,ツインエンジェル
1,2,鈴木玲奈,"Wake Up, Girls!"
1,2,辻垣内智葉,咲-Saki-
1,2,ブランチ,RAVE
1,3,大神一郎,サクラ大戦
1,3,焔,閃乱カグラ
1,3,津山睦月,咲-Saki-
1,3,桑田伶音,ダンガンロンパシリーズ
1,3,藤堂鏡志朗,コードギアス
1,3,絡繰茶々丸,魔法先生ネギま！
1,3,水田信行,弱虫ペダル
1,4,ガラン,七つの大罪
1,5,オズマ・リー,マクロス・フロンティア
1,5,小日向いちご,ガールフレンド(仮)
1,6,イチロー,ユニバーサルオリキャラ
1,6,フィン・エ・ルド・スイ・ラフィンティ,輪廻のラグランジェ
1,6,遠見千鶴,蒼穹のファフナー
1,6,上重漫,咲-Saki-
1,6,賈ｸ文和,一騎当千シリーズ
1,6,吉田琢磨,絶対衝激
1,6,ジャンヌ・ダルク,DRIFTERS
1,6,キャミイ,ストリートファイター
1,6,リズ,七つの大罪
1,6,レイゼンビー,RAVE
1,7,三輪子猫丸,青の祓魔師
1,7,藍羽ルリ,セイクリッドセブン
1,7,藍羽アオイ,セイクリッドセブン
1,7,皆城公蔵,蒼穹のファフナー
1,7,大指紀子,ハイスクール・フリート
1,7,ダノン・シ・アレイ,輪廻のラグランジェ
1,7,牧瀬昴,ガールフレンド(仮)
1,8,エリス・フィリウス,ツインエンジェル
1,8,榎本けい,G1フェアリーグランプリ
1,8,エミリースチュアート,アイドルマスターミリオンライブ
1,8,神崎すみれ,サクラ大戦
1,8,グレイ,ボンバーガール
1,8,デスピアス,七つの大罪
1,8,もんもん,SHOW BY ROCK!!
1,8,蓬田菫,ガールフレンド(仮)
1,9,犬塚キューマ,革命機ヴァルヴレイヴ
1,9,茶柱転子,ダンガンロンパシリーズ
1,9,ラスプーチン,DRIFTERS
1,9,月白陽子,ガールフレンド(仮)
1,9,プーシャ,RAVE
1,10,ノーテンちゃん,ドラドラ天国シリーズ
1,10,ヨシュア・ユークリウス,Re:ゼロから始める異世界生活
1,10,リューシャ,ガンスリンガーストラトス
1,10,カエサル,ガールズ＆パンツァー
1,10,アラド・メルダース,マクロス⊿
1,10,ハマーン・カーン,機動戦士ガンダムシリーズ
1,10,朝倉和美,魔法先生ネギま！
1,10,ルチアナ・マッツェイ,ストライクウィッチーズ
1,10,星名百合亜,宇宙戦艦ヤマト
1,11,鏡慶志郎,大都技研オリキャラ HEY！鏡
1,11,白梅梅,ベン・トー
1,11,武田美千留,ハイスクール・フリート
1,11,スレイン・トロイヤード,アルドノア・ゼロ
1,11,真壁紅音,蒼穹のファフナー
1,11,ネカリ,ストリートファイター
1,11,エディータ・ロスマン,ストライクウィッチーズ
1,11,棟居仁美,咲-Saki-
1,11,メガダディ,第一物産公式キャラクター
1,11,わんこ☆スター,グランドグループ
1,12,シュナイゼル・エル・ブリタニア,コードギアス
1,12,山羊座のシュラ,聖闘士星矢
1,12,リュウ・セイリュウ,青の祓魔師
1,12,セシリー,この素晴らしい世界に祝福を！
1,12,本内成香,咲-Saki-
1,12,花房優輝,ガールフレンド(仮)
1,13,コーネリア・リ・ブリタニア,コードギアス
1,13,牧瀬章一,シュタインズゲート
1,13,長谷川平乃,ミルキィホームズシリーズ
1,13,夾竹桃,緋弾のアリア
1,14,エスタロッサ,七つの大罪
1,14,サトウ,ダンガンロンパシリーズ
1,14,芦屋,閃乱カグラ
1,15,カトラス,ガールズアンドパンツァー
1,15,美樹,シティハンター
1,15,麻生かすみ,シティハンター
1,15,前田彩賀,ガールフレンド(仮)
1,16,フェリックス・アーガイル,Re:ゼロから始める異世界生活
1,16,伊織順平,ペルソナシリーズ
1,16,見吉奈央,ガールフレンド(仮)
1,16,観月照,メガロ大須店
1,17,ケイ,ガールズ＆パンツァー
1,17,天願和夫,ダンガンロンパシリーズ
1,17,左慈元放,一騎当千シリーズ
1,17,高科里佳,"Wake Up, Girls!"
1,17,岩倉早苗,刀使ノ巫女
1,17,桜咲刹那,魔法先生ネギま！
1,17,福与恒子,咲-Saki-
1,17,メガバトラ,第一物産公式キャラクター
1,18,北沢志保,アイドルマスターミリオンライブ
1,18,清水将貴,東京卍リベンジャーズ
1,19,姿月レイコ,南国育ちシリーズ
1,19,両奈,閃乱カグラ
1,19,両備,閃乱カグラ
1,19,林田藍里,"Wake Up, Girls!"
1,19,吉光,閃乱カグラ
1,19,神郷慎,ペルソナシリーズ
1,19,巽完二,ペルソナシリーズ
1,20,クロエ・アカネ,ガンスリンガーストラトス
1,20,愛宕絹恵,咲-Saki-
1,20,稀咲鉄太,東京リベンジャーズ
1,21,クロエ・アスマ,ガンスリンガーストラトス
1,21,四条貴音,アイドルマスターミリオンライブ
1,21,風雅,閃乱カグラ
1,22,千葉沙千帆,ハイスクール・フリート
1,22,片山実波,"Wake Up, Girls!"
1,22,十条姫和,刀使ノ巫女
1,22,尾形百之助,ゴールデンカムイ
1,22,オリオン,SHOW BY ROCK!!
1,23,白鳥星座の氷河,聖闘士星矢
1,23,獄原ゴン太,ダンガンロンパシリーズ
1,23,カーム・クラフトマン,アルドノア・ゼロ
1,23,西条未来,宇宙戦艦ヤマト
1,23,湯川基世,ガールフレンド(仮)
1,23,カレン・ボーグ,RAVE
1,24,フランソワーズ・アルヌール,サイボーグ009
1,24,エキドナ,Re:ゼロから始める異世界生活
1,24,野際啓子,ハイスクール・フリート
1,25,アイザック・ギルモア,サイボーグ009
1,25,崔亦菲,トータル・イクリプス
1,25,原村嘉帆,咲-Saki-
1,26,侑那,甲鉄城のカバネリ
1,26,蕨,ガールズアンドパンツァー
1,26,芙来田伊吹,ガールフレンド(仮)
1,27,南野ハナ,ユニバーサルオリキャラ
1,27,真壁瑞希,アイドルマスターミリオンライブ
1,27,玉田環,ガールズアンドパンツァー
1,27,上田良子,咲-Saki-
1,27,バルログ,ストリートファイター
1,27,珠姫,閃乱カグラ
1,28,喜多川祐介,ペルソナシリーズ
1,28,平井花子,ガールズアンドパンツァー
1,28,西崎芽依,ハイスクール・フリート
1,28,天子,コードギアス
1,28,八木鶫,ハイスクール・フリート
1,29,那波千鶴,魔法先生ネギま！
1,29,平田一,宇宙戦艦ヤマト
1,30,アンちゃん,チバリヨ
1,30,志崎綾,咲-Saki-
1,30,香月美子,絶対衝激
1,31,御堂筋翔,弱虫ペダル
1,31,カチューシャ,ガールズ＆パンツァー
1,31,董卓仲穎,一騎当千シリーズ
1,31,玉井麗巳,ガールフレンド(仮)
2,1,姫,大都技研オリジナルキャラ 吉宗
2,1,椎名まゆり,シュタインズゲート
2,1,依藤澄子,咲-Saki-
2,1,足立透,ペルソナシリーズ
2,1,山川美千子,ストライクウィッチーズ
2,1,アナライザー,宇宙戦艦ヤマト
2,1,千歳,閃乱カグラ
2,2,ビリー,ユニバーサルオリキャラ
2,2,ジェット・リンク,サイボーグ009
2,2,連坊小路アキラ,革命機ヴァルヴレイヴ
2,2,ロイド・アスプルンド,コードギアス
2,2,レム＆ラム,Re:ゼロから始める異世界生活
2,2,雪不帰,閃乱カグラ
2,2,春川魔姫,ダンガンロンパシリーズ
2,2,須賀京太郎,咲-Saki-
2,2,田村源九郎,大工の源さんシリーズ
2,2,ファン,ストリートファイター
2,2,長谷川千雨,魔法先生ネギま！
2,2,黒川凪子,ガールフレンド(仮)
2,2,佐藤裕子,咲-Saki-
2,2,パラミィ,パラッツォ湘南台店公式キャラ
2,3,のばら,ローズテイルシリーズ
2,4,徳川まつり,アイドルマスターミリオンライブ
2,4,神郷洵,ペルソナシリーズ
2,4,深里,閃乱カグラ
2,5,竜胆しづね,ガンスリンガーストラトス
2,5,日置順子,ハイスクール・フリート
2,5,ゼルドリス,七つの大罪
2,5,苗木誠,ダンガンロンパシリーズ
2,5,志摩柔造,青の祓魔師
2,5,ジーナ・プレディ,ストライクウィッチーズ
2,5,九魅,閃乱カグラ
2,5,アンダルシア,ガールズアンドパンツァー
2,6,良雄,ローズテイルシリーズ
2,6,ルンルン,ツインエンジェルシリーズ
2,6,ジロー,ユニバーサルオリキャラ
2,6,研美悠士,セイクリッドセブン
2,6,セリオン,七つの大罪
2,6,川上瀬莉,ガールフレンド(仮)
2,6,ランス,RAVE
2,7,界塚伊奈帆,アルドノア・ゼロ
2,7,水瓶座のカミュ,聖闘士星矢
2,7,春日ナツキ,喰霊ゼロ
2,7,瀬戸内知恵,刀使ノ巫女
2,8,ルラ,マジカルハロウィン
2,8,ルル,マジカルハロウィン
2,8,エイミー,この素晴らしい世界に祝福を！
2,8,オウガ,RAVE
2,9,かた丸,サミー・ジュラッキーズ
2,9,ツモ仙人,ドラドラ天国シリーズ
2,9,南浦数絵,咲-Saki-
2,9,山岸一司,東京リベンジャーズ
2,9,南浦数絵,咲-Saki-
2,10,トマト兄さん,リノシリーズ
2,10,詠,閃乱カグラ
2,10,小林オペラ,ミルキィホームズシリーズ
2,10,アイオーン,SHOW BY ROCK!!
2,10,ムラカミ,ガールズアンドパンツァー
2,11,ミラージュ・ファリーナ・ジーナス,マクロス⊿
2,11,真田志郎,宇宙戦艦ヤマト
2,11,岩本樹,ガールフレンド(仮)
2,11,サチ,ソードアート・オンライン
2,12,横山奈緒,アイドルマスターミリオンライブ
2,12,ユーリヤ・ヴャルコワ,ガールフレンド(仮)
2,12,寺崎遊月,咲-Saki-
2,13,シャーロット・E・イェーガー,ストライクウィッチーズ
2,13,竹井醇子,ストライクウィッチーズ
2,13,水城冴子,ガラスの仮面
2,13,日向マコト,エヴァンゲリオンシリーズ
2,13,豊永日々喜,ガールフレンド(仮)
2,13,河嶋家長男,ガールズアンドパンツァー
2,14,如月唯人,ツインエンジェルシリーズ
2,14,バン,七つの大罪
2,14,霜月美佳,サイコパス
2,14,伊良子美柑,ハイスクール・フリート
2,14,美野里,閃乱カグラ
2,14,柳瀬舞依,刀使ノ巫女
2,14,ゼノヴィア・クァルタ,ハイスクールD×D
2,14,フェミーアン,アルドノア・ゼロ
2,14,ペトラ・レイテ,Re:ゼロから始める異世界生活
2,14,バルトラ・リオネス,七つの大罪
2,14,実験体07号,ガンスリンガーストラトス
2,14,ケン,ストリートファイター
2,14,稲垣真美,ストライクウィッチーズ
2,14,有栖川小枝子,ガールフレンド(仮)
2,14,弓削楓,ガールフレンド(仮)
2,14,愛沢湯湯,緋弾のアリア
2,14,愛沢夜夜,緋弾のアリア
2,14,レイナ,RAVE
2,15,鏑木彗,蒼穹のファフナー
2,15,臼沢塞,咲-Saki-
2,15,ツイーゴ,七つの大罪
2,15,ジェニファー・J・デ・ブランク,ストライクウィッチーズ
2,15,ジーナ,牙狼
2,16,月詠調,戦姫絶唱シンフォギア
2,16,ディート・ハルトリート,コードギアス
2,16,ハイデマリー・W・シュナウファー,ストライクウィッチーズ
2,17,千里朱音,Rewrite
2,17,溝口恭介,蒼穹のファフナー
2,17,狩谷由紀恵,蒼穹のファフナー
2,17,テオ,七つの大罪
2,17,羽鳥晶,ガールフレンド(仮)
2,18,雲雀,閃乱カグラ
2,18,宮永照,咲-Saki-
2,18,洞木ヒカリ,エヴァンゲリオンシリーズ
2,18,ハウメア,炎炎ノ消防隊
2,18,ユーマ・アンセクト,RAVE
2,19,如月すみれ,ツインエンジェルシリーズ
2,19,佐倉双葉,ペルソナシリーズ
2,19,ドロレス,七つの大罪
2,19,東金美沙子,サイコパス
2,19,安福莉子,咲-Saki-
2,19,風魔陽菜,緋弾のアリア
2,19,マイコ,ガールズアンドパンツァー
2,20,箱崎星梨花,アイドルマスターミリオンライブ
2,20,ロム爺,Re:ゼロから始める異世界生活
2,20,北島マヤ,ガラスの仮面
2,20,ハインツ・ネーリッヒ・ウィンダミア,マクロス⊿
2,20,十六夜惣之助,ダンガンロンパシリーズ
2,20,新門紅丸,炎炎ノ消防隊
2,20,パート・コ・パーン,炎炎ノ消防隊
2,20,江藤くるみ,ガールフレンド(仮)
2,21,エイラ・イルマタル・ユーティライネン,ストライクウィッチーズ
2,21,バン・オードナー,ガンスリンガーストラトス
2,21,Eちゃん,イースペース
2,22,環古達,炎炎ノ消防隊
2,22,ペイペイン,SHOW BY ROCK!!
2,22,池田華菜,咲-Saki-
2,22,弐大猫丸,ダンガンロンパシリーズ
2,22,長澤君江,ハイスクール・フリート
2,22,森名能亜,"Wake Up, Girls!"
2,22,大蓮寺鈴鹿,東京レイヴンズ
2,22,リツ,炎炎ノ消防隊
2,22,藪助次,宇宙戦艦ヤマト
2,22,アリオーニ,七つの大罪
2,22,エル,ガールズアンドパンツァー
2,22,にゃんまる,マルハン公式キャラクター
2,22,二葉きぃ,キングイーグルズつくば店
2,22,ねこ店長,大東洋グループ
2,23,周瑜公瑾,一騎当千シリーズ
2,23,三尋木咏,咲-Saki-
2,23,コハル,ソードアート・オンライン
2,24,ルーイン・ライト,青の祓魔師
2,24,林田春樹,東京リベンジャーズ
2,25,キース・エアロ・ウィンダミア,マクロス⊿
2,25,久保貴子,咲-Saki-
2,25,如月千早,アイドルマスターミリオンライブ
2,25,宇佐美時重,ゴールデンカムイ
2,25,如月,閃乱カグラ
2,25,ふじみたん,ハップス鎌ヶ谷店
2,26,森垣友香,咲-Saki-
2,26,右代宮蔵臼,うみねこのなく頃に
2,26,大門寺咲,絶対衝激
2,27,野火マリエ,革命機ヴァルヴレイヴ
2,27,アルセーヌ,ミルキィホームズシリーズ
2,27,ジール,七つの大罪
2,27,ジュゼッピーナ・チュインニ,ストライクウィッチーズ
2,27,ラム,ガールズアンドパンツァー
2,28,レントン・サーストン,交響詩篇エウレカセブン
2,28,ペリーヌ・クロステルマン,ストライクウィッチーズ
2,28,レミー・オードナー,ガンスリンガーストラトス
2,28,生駒,甲鉄城のカバネリ
2,28,甲斐志麻子,トータルイクリプス
2,28,千代,閃乱カグラ
2,28,ラカス,RAVE
3,1,イッカククン,ユニバーサルオリキャラ
3,1,ロコ,アイドルマスターミリオンライブ
3,1,菊間夏夜,"Wake Up,Girls!"
3,1,杉元佐一,ゴールデンカムイ
3,1,春麗,ストリートファイター
3,1,三隅美也,ストライクウィッチーズ
3,2,スキュラのイオ,聖闘士星矢
3,2,ニーナ・クライン,アルドノア・ゼロ
3,3,うまぽん,G1優駿倶楽部
3,3,レイちゃん,ダクセル
3,3,サルッキー,アニマルマンション
3,3,キャロル・マールス・ディーンハイム,戦姫絶唱シンフォギア
3,3,李紅蘭,サクラ大戦
3,3,玉城真一郎,コードギアス
3,3,水鏡美三香,蒼穹のファフナー
3,3,白石由竹,ゴールデンカムイ
3,3,石上優,かぐや様は告らせたい
3,3,藤原千花,かぐや様は告らせたい
3,3,万里小路楓,ハイスクール・フリート
3,3,ルフェイ・ペンドラゴン,ハイスクールD×D
3,3,太史慈子義,一騎当千シリーズ
3,3,福富寿一,弱虫ペダル
3,3,ジェノサイダー翔,ダンガンロンパシリーズ
3,3,モモコ,ボンバーガール
3,3,燕結芽,刀使ノ巫女
3,3,オグン・モンゴメリ,炎炎ノ消防隊
3,3,プリンセス火華,炎炎ノ消防隊
3,3,釘宮円,魔法先生ネギま！
3,3,円城寺小菊,ガールフレンド(仮)
3,3,宇野沢栞,咲-Saki-
3,3,ルチアングル,RAVE
3,3,ボニー,RAVE
3,3,ひばりんご,ひばりグループ公式キャラ
3,3,笹月メル,メルヘンワールド公式キャラ
3,3,美熊くん,ジョイパック公式キャラ
3,4,沢村翔,宇宙戦艦ヤマト
3,5,みこと,マジカルハロウィンシリーズ
3,5,有馬やよい, P GⅠ DREAMROAD
3,5,皆城乙姫,蒼穹のファフナー
3,5,サイモン,七つの大罪
3,5,そど子,ガールズアンドパンツァー
3,6,サブロー,ユニバーサルオリキャラ
3,6,杜山しえみ,青の祓魔師
3,6,ダンダン,ロボットガールズZ
3,6,井上晶,Rewrite
3,6,逸見エリカ,ガールズ＆パンツァー
3,6,アレクサンドラ・I・ポクルイーシキン,ストライクウィッチーズ
3,6,インフィガール,革命機ヴァルヴレイヴ
3,6,風魔,閃乱カグラ
3,6,逸見エリカ,ガールズアンドパンツァー
3,6,勇者ミロ,ヴィーナス市原店
3,7,ビリー田中,ツインエンジェルシリーズ
3,7,青島優子,モンキーターン
3,7,小野田坂道,弱虫ペダル
3,7,妹尾佳織,咲-Saki-
3,7,佐々木まき絵,魔法先生ネギま！
3,8,クロエ・ルメール,ガールフレンド
3,8,神代小蒔,咲-Saki-
3,9,弥生,ユニバーサルオリキャラ
3,9,井ノ上あせび,ベン・トー
3,9,西園寺日寄子,ダンガンロンパシリーズ
3,9,望月莞爾,東京リベンジャーズ
3,9,エギル,ソードアート・オンライン
3,9,ミクちゃん,タツミコーポレーション
3,9,橙咲和,プレイランド平和大治店
3,10,プチトマトくん,リノシリーズ
3,10,魚座のアフロディーテ,聖闘士星矢
3,10,アナスタシア・ホーシン,Re:ゼロから始める異世界生活
3,10,沢村智紀,咲-Saki-
3,10,グンドュラ・ラル,ストライクウィッチーズ
3,10,ミーナ・ディートリンデ・ヴィルケ,ストライクウィッチーズ
3,10,雑賀譲二,サイコパス
3,10,大滝桜子,咲-Saki-
3,12,神無のぞみ,競女!!!!!!!!
3,12,ミスターブラウン,シュタインズゲート
3,12,奈木野さくら,ガールフレンド(仮)
3,13,篁唯依,トータル・イクリプス
3,13,キャサリン・オヘア,ストライクウィッチーズ
3,13,王大河,ガールズアンドパンツァー
3,13,ジェガン,RAVE
3,14,犬吉親分,わんわんパラダイスシリーズ
3,14,ギャスパー・ヴラディ,ハイスクールD×D
3,14,ヴィクトル・リヒト,炎炎ノ消防隊
3,14,不二咲千尋,ダンガンロンパシリーズ
3,14,七海千秋,ダンガンロンパシリーズ
3,14,パイン,ボンバーガール
3,14,新子望,咲-Saki-
3,14,エイレン,七つの大罪
3,14,井尾谷諒,弱虫ペダル
3,14,ソード,牙狼
3,14,ジョーコ,RAVE
3,15,松実玄,咲-Saki-
3,15,高町なのは,魔法少女リリカルなのは
3,15,レインボー・ミカ,ストリートファイター
3,16,青野静香,G1フェアリーグランプリ
3,16,姉帯豊音,咲-Saki-
3,16,がしがし,SHOW BY ROCK!!
3,16,右代宮譲治,うみねこのなく頃に
3,16,守島音芽,"Wake Up, Girls!"
3,16,古菲,魔法先生ネギま！
3,17,宇狩ころ美,ツインエンジェルシリーズ
3,17,劉翡翠,セイクリッドセブン
3,17,孫策伯符,一騎当千シリーズ
3,17,ザジ・レイニーデイ,魔法先生ネギま！
3,18,扇要,コードギアス
3,18,七尾百合子,アイドルマスターミリオンライブ
3,18,星華,聖闘士星矢
3,18,玉木マリ,宇宙よりも遠い場所
3,18,グロキシニア,七つの大罪
3,18,宇津木玉子,咲-Saki-
3,18,近衛木乃香,魔法先生ネギま！
3,18,西野彩音,ガールフレンド(仮)
3,18,ベル,ガールズアンドパンツァー
3,19,栞,ローズテイルシリーズ
3,19,アベルト・デスラー,宇宙戦艦ヤマト
3,19,アドルフィーネ・ガランド,ストライクウィッチーズ
3,19,高崎瑠依,ガールフレンド(仮)
3,19,天立星ドリュアスのルコ,聖闘士星矢
3,19,魚座のルゴニス,聖闘士星矢
3,19,ルナール,RAVE
3,20,高倉晶馬/高倉冠葉/荻野目苹果,輪るピングドラム
3,20,ゲルトルート・バルクホルン,ストライクウィッチーズ
3,20,小走やえ,咲-Saki-
3,20,新三郎,ガールズアンドパンツァー
3,21,七鳳ネイ,サミー JanQutE(非パチ＆スロ化
3,21,結城友奈,結城友奈は勇者である
3,21,海皇ポセイドン,聖闘士星矢
3,21,斑目獅音,東京リベンジャーズ
3,21,胡蝶,閃乱カグラ
3,21,長谷川美卯,ガールフレンド(仮)
3,22,土宮神楽,喰霊零
3,22,佐竹美奈子,アイドルマスターミリオンライブ
3,22,要咲良,蒼穹のファフナー
3,22,赤星小梅,ガールズアンドパンツァー
3,23,ハギヨシ,咲-Saki-
3,24,オットー・スーウェン,Re:ゼロから始める異世界生活
3,24,ネリー・ヴィルサラーゼ,咲-Saki-
3,24,花音,閃乱カグラ
3,25,アリサ・イリーニチナ・アミエーラ,ゴッドイーター
3,25,天貴星グリフォンのミーノス,聖闘士星矢
3,25,四季,閃乱カグラ
3,25,狩宿巴,咲-Saki-
3,25,高槻やよい,アイドルマスターミリオンライブ
3,25,伊勢島紫,絶対衝撃
3,25,吉澤かすみ,ペルソナシリーズ
3,25,祐天寺弥生,ガールフレンド(仮)
3,25,土屋夢屯,ガールズアンドパンツァー
3,26,冴羽獠,シティハンター
3,26,佐々山光留,サイコパス
3,26,シュリニヴァーサ・セン,ガンスリンガーストラトス
3,26,鶴田姫子,咲-Saki-
3,26,能村進愛,ハイスクール・フリート
3,26,赤松楓,ダンガンロンパシリーズ
3,26,クルーテオ,アルドノア・ゼロ
3,26,久保田りん,ガールズアンドパンツァー
3,27,桜守歌織,アイドルマスターミリオンライブ
3,27,秋樽桜備,炎炎ノ消防隊
3,27,牡牛座のムウ,聖闘士星矢
3,27,鳳咲夜,Rewrite
3,27,九頭龍菜摘,ダンガンロンパシリーズ
3,28,あるえ,この素晴らしい世界に祝福を！
3,28,ジェーン・T・ゴッドフリー,ストライクウィッチーズ
3,28,ナターシャ,聖闘士星矢
3,29,紅月カレン,コードギアス
3,29,アルゴン,SHOW BY ROCK!!
3,29,右代宮真里亞,うみねこのなく頃に
3,30,青山操,大都技研オリキャラ
3,30,綾波レイ/碇ユイ,エヴァンゲリオン
3,30,福田のり子,アイドルマスターミリオンライブ
3,30,牡牛座のシオン,聖闘士星矢
3,30,グレイロード,七つの大罪
3,30,馬謖幼常,一騎当千シリーズ
3,30,蘭丸,閃乱カグラ
3,30,霜崎絃,咲-Saki-
3,31,みどりちゃん,サミー
3,31,せっとん,サミー・ジュラッキーズ
3,31,新聞やよい,ツインエンジェルシリーズ
3,31,槇村香,シティハンター
3,31,峰理子,緋弾のアリア
3,31,シャーロック・シェリンフォード,ミルキィホームズシリーズ
3,31,一色愛瑠,ガールフレンド(仮)
3,31,優木苗,ガールフレンド(仮)
3,31,長谷川タツ,ガールズアンドパンツァー
3,31,フィリア,ソードアート・オンライン
4,1,アレキサンダー,ツインエンジェルシリーズ
4,1,Dr.ミリオ,オーイズミ
4,1,アレックス,ユニバーサルオリキャラ
4,1,ナツキ・スバル,Re：ゼロから始める異世界生活
4,1,グレート・ブリテン,サイボーグ009
4,1,常守朱,PSYCHO-PASS
4,1,塔和モナカ,ダンガンロンパシリーズ
4,1,キング/ハーレクイン,七つの大罪
4,1,キン肉スグル/キン肉マンゼブラ/キン肉マンソルジャー/キン肉マンマリポーサ/キン肉マンスーパーフェニックス/キン肉マンビッグボディ,キン肉マン
4,1,ガイちゃん,ロボットガールズZ
4,1,和住媛萌,ハイスクール・フリート
4,1,米田一基,サクラ大戦
4,1,アーネスト・ジョンソン,マクロス⊿
4,1,面堂終太郎,うる星やつら
4,1,ブラド,アルドノア・ゼロ
4,1,月島基,ゴールデンカムイ
4,1,迫水ハルカ,ストライクウィッチーズ
4,1,九井一,東京リベンジャーズ
4,1,役人,ガールズアンドパンツァー
4,1,ルビー,RAVE
4,1,イツキ,ソードアート・オンライン
4,1,朝日奈ナナ,アサヒプロジェクト
4,2,蔵前果林,蒼穹のファフナー
4,2,早坂愛,かぐや様は告らせたい
4,2,八束由紀恵,ガールフレンド(仮)
4,3,フェイリス・ニャンニャン,シュタインズゲート
4,3,天海春香,アイドルマスターミリオンライブ
4,4,ゲッちゃんドラゴン,ロボットガールズZ
4,4,クルシュ・カルステン,Re：ゼロから始める異世界生活
4,4,篠生茉莉,ガンスリンガーストラトス
4,4,生駒祐未,蒼穹のファフナー
4,4,桐島カンナ,大工の源さんシリーズ
4,4,子安つばめ,かぐや様は告らせたい
4,4,春日美空,魔法先生ネギま！
4,4,スレイダー,七つの大罪
4,4,山南修,宇宙戦艦ヤマト
4,4,田中舞,咲-Saki-
4,4,島田千代,ガールズアンドパンツァー
4,4,四宮アイ,株式会社アラジン
4,4,星ニャ☆,株式会社星和 イメージキャラ
4,4,よんよん,四海樓
4,5,涼風まどか,南国育ちシリーズ
4,5,夜桜,閃乱カグラ
4,5,清明,閃乱カグラ
4,5,キリア,七つの大罪
4,5,伏屋那都,咲-Saki-
4,6,ダクネス,この素晴らしい世界に祝福を！
4,6,篝,閃乱カグラ
4,6,シロ,ボンバーガール
4,6,飛原鋭子,ガールフレンド(仮)
4,6,ドロール,七つの大罪
4,7,丹童子アルマ,セイクリッドセブン
4,7,ボーグ・コンファールト,マクロス⊿
4,7,村正,閃乱カグラ
4,8,ローズ,マジカルハロウィンシリーズ
4,8,東郷美森,結城友奈は勇者である
4,8,高千穂麗,緋弾のアリア
4,8,高鴨穏乃,咲-Saki-
4,8,篠宮りさ,ガールフレンド(仮)
4,8,ソプラ,RAVE
4,8,エイジ,ソードアート・オンライン
4,9,リアス・グレモリー,ハイスクールD×D
4,9,遠山咲,ミルキィホームズシリーズ
4,9,山城由依,刀使ノ巫女
4,9,冬月コウゾウ,エヴァンゲリオン
4,9,日下部うらら,宇宙戦艦ヤマト
4,9,押井知,ガールフレンド(仮)
4,9,上柿恵,咲-Saki-
4,9,祖父江,ガールズアンドパンツァー
4,9,マルコ・ベルンジュ,RAVE
4,9,アリス・ツーベルク,ソードアート・オンライン
4,9,シグマちゃん,SIGMAイメージキャラ
4,10,トマト姉さん,リノシリーズ
4,10,巣刈,甲鉄城のカバネリ
4,10,アイリス,炎炎ノ消防隊
4,10,万代大作,ダンガンロンパシリーズ
4,10,戒能良子,咲-Saki-
4,10,ユージオ,ソードアート・オンライン
4,10,天月めぐる,ツインエンジェルシリーズ
4,10,指南ショーコ,革命機ヴァルヴレイヴ
4,10,網文韻子,アルドノア・ゼロ
4,10,霧島マナ,エヴァンゲリオンシリーズ
4,10,荒井薫,ガールフレンド(仮)
4,12,百田解斗,ダンガンロンパシリーズ
4,12,船久保浩子,咲-Saki-
4,12,橘直人,東京リベンジャーズ
4,12,浅見景,ガールフレンド(仮)
4,13,暁切歌,戦姫絶唱シンフォギア
4,13,諸星あたる,うる星やつら
4,13,ブッチ・キャシディ,DRIFTERS
4,13,前原圭一,ひぐらしのなく頃に
4,13,杉乃歩,咲-Saki-
4,13,ドゲッド,七つの大罪
4,13,甘利燈,ガールフレンド(仮)
4,14,鷺森灼,咲-Saki-
4,14,逆蔵十三,ダンガンロンパシリーズ
4,14,オレン,ボンバーガール
4,14,ザネリ,七つの大罪
4,14,ジェンナ,七つの大罪
4,15,Mr.Do,ユニバーサルオリキャラ
4,15,所恵美,アイドルマスターミリオンライブ
4,15,ニャル子,這いよれ! ニャル子さん
4,15,ブラックカーテン,ツインエンジェルシリーズ
4,15,河嶋の父,ガールズアンドパンツァー
4,15,タンモチ,RAVE
4,16,有馬さつき,P GⅠDREAMROAD
4,16,兵藤一誠,ハイスクールD×D
4,16,宿海仁太,あの日見た花の名前を僕達はまだ知らない。
4,16,エラリー姫百合,ミルキィホームズシリーズ
4,16,白水哩,咲-Saki-
4,16,浦部レン,メガロ大須店
4,17,ガッチ,サミー・ジュラッキーズ
4,17,ベガ,ストリートファイター
4,17,朝門春日,ガールフレンド(仮)
4,17,カメレオン星座のジュネ,聖闘士星矢
4,18,武井リン,G1フェアリーグランプリ
4,18,グリシーヌ・ブルーメール,サクラ大戦
4,18,ヴァルカン・ジョゼフ,炎炎ノ消防隊
4,18,轟雷,フレームアームズ・ガール
4,18,夜長アンジー,ダンガンロンパシリーズ
4,18,滝見春,咲-Saki-
4,18,桐生美影,宇宙戦艦ヤマト
4,19,エーリカ・ハルトマン,ストライクウィッチーズ
4,19,マキナ・中島,マクロス⊿
4,19,夏侯淵妙才,一騎当千シリーズ
4,19,ルキアーノ・ブラッドリー,コードギアス
4,19,ゲルダ,七つの大罪
4,19,石戸明星,咲-Saki-
4,19,総司,閃乱カグラ
4,19,リーファ,ソードアート・オンライン
4,19,みさきちゃん,ハップス三咲店
4,19,大蔵信夫,サイコパス
4,19,西尾里奈,蒼穹のファフナー
4,19,藤田優衣,ハイスクール・フリート
4,19,ラビリス,ペルソナシリーズ
4,19,夏目真尋,ガールフレンド(仮)
4,19,マリー,ガールズアンドパンツァー
4,19,レン,ソードアート・オンライン
4,19,アイラ,アイランドグループ公式キャラ
4,21,守形英四郎,そらのおとしもの
4,21,蒲原智美,咲-Saki-
4,21,サムナ・スタージョン,エウレカセブン
4,21,神楽坂明日菜,魔法先生ネギま！
4,22,江口セーラ,咲-Saki-
4,22,庭妻繁典,弱虫ペダル
4,22,森園芽以,ガールフレンド(仮)
4,22,ジュリア・ライン・ドラグーン,RAVE
4,22,わかばちゃん,ハップス千城台店
4,22,セレン,SHOW BY ROCK!!
4,22,マリルシャン,アルドノア・ゼロ
4,22,新島真,ペルソナシリーズ
4,22,ブロッケンJr.,キン肉マン
4,22,安藤,ガールズアンドパンツァー
4,22,マッティーア・アプリーレ,ツインエンジェルシリーズ
4,22,朝比奈葵,ダンガンロンパシリーズ
4,22,宮尾美也,アイドルマスターミリオンライブ
4,22,小泉真昼,ダンガンロンパシリーズ
4,22,タリサ・マナンダル,トータル・イクリプス
4,22,フェデリカ・N・ドッリオ,ストライクウィッチーズ
4,22,夢前春瑚,ガールフレンド(仮)
4,22,ナーくん,「スロットアプリ」泰平に萌えろ!!
4,25,弘世菫,咲-Saki-
4,25,詰城祐太朗,アルドノア・ゼロ
4,25,揚羽,閃乱カグラ
4,26,ミーア,この素晴らしい世界に祝福を！
4,26,元親,閃乱カグラ
4,26,キスパン,パチンコPAO
4,26,猫宮れいあ,マルハン公式キャラ
4,27,佐藤洋,ベン・トー
4,27,著莪あやめ,ベン・トー
4,27,阿部亜澄,ハイスクール・フリート
4,27,白鐘直斗,ペルソナシリーズ
4,27,宇津木優季,ガールズアンドパンツァー
4,27,ドレミ,パラッツォ湘南台店公式キャラ
4,28,狛枝凪斗,ダンガンロンパシリーズ
4,28,櫻井アイナ,革命機ヴァルヴレイヴ
4,28,稲河暁,刀使ノ巫女
4,28,武藤泰宏,東京卍リベンジャーズ
4,29,清澄雫,大都技研オリキャラ
4,29,ランカ・リー,マクロス・フロンティア
4,29,碇ゲンドウ,エヴァンゲリオン
4,29,エルザ・グランヒルテ,Re：ゼロから始める異世界生活
4,29,大神環,アイドルマスターミリオンライブ
4,29,長内信高,東京卍リベンジャーズ
4,29,山谷ひな,咲-Saki-
4,30,諏訪天姫,ストライクウィッチーズ
4,30,反町牡丹,ガールフレンド(仮)
4,30,ケフェウス星座のダイダロス,聖闘士星矢
4,30,河内智世美,咲-Saki-
4,30,寺本とみ子,ガールズアンドパンツァー
5,30,1000ちゃん,オーイズミ
5,30,犬吠埼風,結城友奈は勇者である
5,30,明智小衣,ミルキィホームズシリーズ
5,30,宗谷真霜,ハイスクール・フリート
5,30,阪本泉,東京リベンジャーズ
5,30,蜂谷千歳,ガールズアンドパンツァー
5,30,稲沢アイキ,タイキ 稲沢駅前店
5,2,御坂美琴,とあるシリーズ
5,2,ネギ・スプリングフィールド,魔法先生ネギま！
5,2,天王寺瑚太朗,Rewrite
5,2,大門寺優,絶対衝激
5,2,上条るい,ガールフレンド(仮)
5,3,雪染ちさ,ダンガンロンパシリーズ
5,3,知恵留美子,ひぐらしのなく頃に
5,4,サロメ,ツインエンジェル
5,4,ユウヤ・ブリッジス,トータル・イクリプス
5,4,ゲラード,七つの大罪
5,4,浮橋明日香,ガールフレンド(仮)
5,4,針生えり,咲-Saki-
5,5,火野ライカ,緋弾のアリア
5,5,染谷まこ,咲-Saki-
5,5,十神白夜,ダンガンロンパシリーズ
5,5,華風流,閃乱カグラ
5,5,伊井野ミコ,かぐや様は告らせたい
5,5,霧夜,閃乱カグラ
5,5,河嶋桃,ガールズ＆パンツァー
5,5,石島土門,烈火の炎
5,5,百萬石嵐,大工の源さんシリーズ
5,5,ヘルブラム,七つの大罪
5,5,,ミミ＆ティピー＆ヘータロー
5,5,パールバトン,Re:ゼロから始める異世界生活
5,5,シロン,ボンバーガール
5,5,水瀬伊織,アイドルマスターミリオンライブ
5,5,青葉シゲル,エヴァンゲリオンシリーズ
5,5,アサルト,炎炎ノ消防隊
5,5,こめっこ,この素晴らしい世界に祝福を！
5,5,土方竜,宇宙戦艦ヤマト
5,5,桐山優月,ガールフレンド(仮)
5,5,春宮つぐみ,ガールフレンド(仮)
5,5,桜木萌子/桜木玉子,大宮どんじゃら
5,5,焔こころ,株式会社コロナワールド
5,5,ちゃんでぃー,ダイアナグループ
5,6,相模屋紺炉,炎炎ノ消防隊
5,6,秋山好子,ガールズアンドパンツァー
5,6,ツェリスカ,ソードアート・オンライン
5,6,超力犬ゴロ,ヴィーナス市原店
5,7,大門大,ダンガンロンパシリーズ
5,7,春日井甲洋,蒼穹のファフナー
5,7,ヴィルヘルム・ヴァン・アストレア,Re:ゼロから始める異世界生活
5,7,下原定子,ストライクウィッチーズ
5,8,コパンダ,大都技研オリジナル 番長
5,8,グレート・ゴズ,ダンガンロンパシリーズ
5,8,牡牛座のアルデバラン,聖闘士星矢
5,8,桐条美鶴,ペルソナシリーズ
5,8,菖蒲,閃乱カグラ
5,8,桐田凛,咲-Saki-
5,9,羅漢堂旭,ガンスリンガーストラトス
5,10,トマッチョ兄さん,リノシリーズ
5,10,東条斬美,ダンガンロンパシリーズ
5,10,園城寺怜,咲-Saki-
5,10,藤本獅郎,青の祓魔師
5,10,龍宮寺堅,東京リベンジャーズ
5,10,宮崎のどか,魔法先生ネギま！
5,10,石田いすき,ガールフレンド(仮)
5,10,三瀬晶子,咲-Saki-
5,11,アーシア・アルジェント,ハイスクールD×D
5,11,京乃まどか,輪廻のラグランジェ
5,12,罪木蜜柑,ダンガンロンパシリーズ
5,12,七海リオン,革命機ヴァルヴレイヴ
5,12,フィカーツィア・ラトロワ,トータル・イクリプス
5,12,春日泰子,ガラスの仮面
5,12,四葉五月,魔法先生ネギま！
5,12,メガン・ダヴァン,咲-Saki-
5,12,飛彗,閃乱カグラ
5,12,テラちゃん,ハップス東寺山店
5,13,ソフィ,牙狼
5,14,要澄美,蒼穹のファフナー
5,14,遠見弓子,蒼穹のファフナー
5,14,クランカイン,アルドノア・ゼロ
5,14,不見咲カオル,アルドノア・ゼロ
5,15,紺藤さつき,ツインエンジェル
5,15,七瀬佳乃,"Wake Up, Girls!"
5,15,速志歩,"Wake Up, Girls!"
5,15,古波蔵エレン,刀使ノ巫女
5,15,柿崎美砂,魔法先生ネギま！
5,15,鴫野睦,ガールフレンド(仮)
5,16,島村ジョー,サイボーグ009
5,16,水村史織,咲-Saki-
5,16,でゅらでゅら,SHOW BY ROCK!!
5,16,島津千香,サイコパス
5,16,曹仁子孝,一騎当千シリーズ
5,16,虹河ゴウ,革命機ヴァルヴレイヴ
5,16,堂島遼太郎,ペルソナシリーズ
5,17,新子憧,咲-Saki-
5,17,北上麗花,アイドルマスターミリオンライブ
5,17,青葉風音,競女!!!!!!!!
5,17,エーリカ,この素晴らしい世界に祝福を！
5,17,相原義一,宇宙戦艦ヤマト
5,17,小野寺麗,かぐや様は告らせたい
5,17,ハインケル,Re:ゼロから始める異世界生活
5,17,神咲,閃乱カグラ
5,17,クラーラ,ガールズアンドパンツァー
5,18,ギンちゃん,ニューギン マスコット
5,18,今泉俊輔,弱虫ペダル
5,18,八木原景子,咲-Saki-
5,18,若狭麗緒,ハイスクール・フリート
5,18,崇宰恭子,トータル・イクリプス
5,18,君嶋里琉,ガールフレンド(仮)
5,18,佐々木あけび,ガールズアンドパンツァー
5,18,リズベット,ソードアート・オンライン
5,19,モグモグ,ユニバーサルオリキャラ
5,19,橋田至,シュタインズゲート
5,19,蘇芳司,ガンスリンガーストラトス
5,19,辰巳春菜,咲-Saki-
5,19,西原八十子,ガールズアンドパンツァー
5,20,ドルシー,ナナシー
5,20,榊原由里,サクラ大戦シリーズ
5,20,ウィルマ・ビショップ,ストライクウィッチーズ
5,20,ナオミ,ガールズアンドパンツァー
5,20,ハムリオ・ムジカ,RAVE
5,21,朴朔子,青の祓魔師
5,21,橘日向,東京リベンジャーズ
5,21,河嶋の母,ガールズアンドパンツァー
5,22,三枝わかば,ビビッドレッド・オペレーション
5,22,北大路花火,サクラ大戦
5,22,須郷徹平,サイコパス
5,22,双海亜美,アイドルマスターミリオンライブ
5,22,双海真美,アイドルマスターミリオンライブ
5,22,ベロニカ・リオネス,七つの大罪
5,22,久仁城雅,ガールフレンド(仮)
5,22,ねこにゃー,ガールズアンドパンツァー
5,23,河合武士,リングにかけろ
5,23,エデルリッゾ,アルドノア・ゼロ
5,23,永倉志緒,宇宙戦艦ヤマト
5,23,デルドレー,七つの大罪
5,23,ユウキ,ソードアート・オンライン
5,24,松野,おそ松、カラ松、チョロ松、一松、十四松、トド松
5,24,,おそ松さん
5,24,シアン,SHOW BY ROCK!!
5,24,小瀬川白望,咲-Saki-
5,24,エメラ,ボンバーガール
5,24,フリント,ガールズアンドパンツァー
5,25,風鳴翼,戦姫絶唱シンフォギア
5,25,エルエルフ,革命機ヴァルヴレイヴ
5,25,唐之杜志恩,PSYCHO-PASS
5,25,王双子全,一騎当千シリーズ
5,25,河田ナホヤ,東京リベンジャーズ
5,25,河田ソウヤ,東京リベンジャーズ
5,25,朱璃,閃乱カグラ
5,25,ザルパ,七つの大罪
5,25,望月エレナ,ガールフレンド(仮)
5,26,灰谷蘭,東京卍リベンジャーズ
5,26,大河内アキラ,魔法先生ネギま！
5,26,雁淵ひかり,ストライクウィッチーズ
5,26,村吉みさき,咲-Saki-
5,26,篠川香音,ガールズアンドパンツァー
5,26,ピーくん,ピーアークホールディングス
5,27,カノン・メンフィス,蒼穹のファフナー
5,27,宗谷ましろ,ハイスクール・フリート
5,27,伊勢崎郁歩,ガールフレンド(仮)
5,27,鴨之橋,ガールズアンドパンツァー
5,28,薄墨初美,咲-Saki-
5,28,納沙幸子,ハイスクール・フリート
5,28,北条鉄平,ひぐらしのなく頃に
5,29,白石紬,アイドルマスターミリオンライブ
5,29,真波山岳,弱虫ペダル
5,29,ホルミー,SHOW BY ROCK!!
5,30,木場祐斗,ハイスクールD×D
5,30,双子座のサガ,聖闘士星矢
5,30,双子座のカノン,聖闘士星矢
5,30,武能登,炎炎ノ消防隊
5,30,伊吹,閃乱カグラ
5,31,椎名心実,ガールフレンド
5,31,望月杏奈,アイドルマスターミリオンライブ
5,31,苗木こまる,ダンガンロンパシリーズ
5,31,安桜美炎,刀使ノ巫女
5,31,土方歳三,DRIFTERS
5,31,ニッカ・エドワーディン・カタヤイネン,ストライクウィッチーズ
5,31,埴渕久美子,咲-Saki-
5,31,池田江美,ガールズアンドパンツァー
6,1,アイス,サミー・ジュラッキーズ
6,1,プリマ,オーイズミ マスコット
6,1,ヴィレッタ・ヌゥ,コードギアス
6,1,カノン・マルディーニ,コードギアス
6,1,青木百々,ハイスクール・フリート
6,1,宇田慧,ハイスクール・フリート
6,1,シャロン・エイム,トータル・イクリプス
6,1,曹操孟徳,一騎当千シリーズ
6,1,リキシマン,キン肉マン
6,1,久慈川りせ,ペルソナシリーズ
6,1,ザンギエフ,ストリートファイター
6,1,明石裕奈,魔法先生ネギま！
6,1,善野一美,咲-Saki-
6,2,ゴウセル,七つの大罪
6,2,真壁史彦,蒼穹のファフナー
6,2,鞠戸孝一郎,アルドノア・ゼロ
6,2,明智五郎,ペルソナシリーズ
6,2,砂部,ガールズアンドパンツァー
6,2,ルーツくん,P-ROOTｓイメージキャラ
6,3,千石撫子,化物語シリーズ
6,3,レイヴェル・フェニックス,ハイスクールD×D
6,3,明神川アリス,ミルキィホームズシリーズ
6,3,右代宮楼座,うみねこのなく頃に
6,3,姫島木乃子,ガールフレンド(仮)
6,3,米田未来,咲-Saki-
6,4,八神はやて,魔法少女リリカルなのは
6,4,宝生青,青の祓魔師
6,4,宝生蝮,青の祓魔師
6,4,宝生錦,青の祓魔師
6,4,古賀公貴,弱虫ペダル
6,4,エルマ・レイヴォネン,ストライクウィッチーズ
6,4,三条八重,ガールフレンド(仮)
6,5,エディタ・ノイマン,ストライクウィッチーズ
6,5,芹澤虎鉄,宇宙戦艦ヤマト
6,5,大兎,Re:ゼロから始める異世界生活
6,5,山郷あゆみ,ガールズアンドパンツァー
6,5,アルゴ,ソードアート・オンライン
6,6,水無月遥,快盗天使ツインエンジェル
6,6,ビアンカ,ローズテイル
6,6,桐生萌郁,シュタインズゲート
6,6,碇シンジ,エヴァンゲリオン
6,6,ロム,SHOW BY ROCK!!
6,6,ヴァーリ・ルシファー,ハイスクールD×D
6,6,秋山優花里,ガールズ＆パンツァー
6,6,四方川菖蒲,甲鉄城のカバネリ
6,6,金原祐治,サイコパス
6,6,東金朔夜,サイコパス
6,6,村雨,閃乱カグラ
6,6,田村源六,大工の源さんシリーズ
6,6,一条凪,大工の源さんシリーズ
6,6,ミツルギ,この素晴らしい世界に祝福を！
6,6,伊東真也,宇宙戦艦ヤマト
6,6,Draven,RAVE
6,6,桜木栄子,大宮どんじゃら
6,6,赤石奏,メガロ大須店
6,6,ゼクスちゃん,ゼクスマスコット
6,7,バーサスちゃん,ハナビちゃんは遅れがち
6,7,カズマ,この素晴らしい世界に祝福を！
6,7,松田亜利沙,アイドルマスターミリオンライブ
6,7,ソーナ・シトリー,ハイスクールD×D
6,7,劉月麗,絶対衝激
6,7,ラシード,ストリートファイター
6,8,ムーンドギー,交響詩篇エウレカセブン
6,8,カナメ・バッカニア,マクロス⊿
6,8,忌村静子,ダンガンロンパシリーズ
6,8,吽,SHOW BY ROCK!!
6,8,清水谷竜華,咲-Saki-
6,8,吉川愛,"Wake Up, Girls!"
6,8,那智,閃乱カグラ
6,8,南浦聡,咲-Saki-
6,9,猿渡翔,ローズテイルシリーズ
6,9,大和田紋土,ダンガンロンパシリーズ
6,9,槍水仙,ベン・トー
6,9,忌夢,閃乱カグラ
6,9,右京,閃乱カグラ
6,9,左京,閃乱カグラ
6,9,ジョナサン・ミツヒロ・バートランド,蒼穹のファフナー
6,9,バッファローマン,キン肉マン
6,9,椎名桜子,魔法先生ネギま！
6,10,アリス,マジカルハロウィンシリーズ
6,10,時野志遠,マジカルハロウィンシリーズ
6,10,橘サクヤ,ゴッドイーター
6,10,螺子川来夢,ガールフレンド(仮)
6,10,宮永界,咲-Saki-
6,11,八っちゃん,ユニバーサルオリキャラ
6,11,リネット・ビショップ,ストライクウィッチーズ
6,11,岩崎志保,"Wake Up, Girls!"
6,11,直江悠,ガールフレンド(仮)
6,11,ルクリリ,ガールズアンドパンツァー
6,12,三好夏凜,結城友奈は勇者である
6,12,エリザベス・リオネス,七つの大罪
6,12,スーザン・レジェス,ハイスクール・フリート
6,12,馬場このみ,アイドルマスターミリオンライブ
6,12,セピア,ボンバーガール
6,12,三ツ谷隆,東京リベンジャーズ
6,13,ジョン・ガラブシ,ツインエンジェル
6,13,空木言子,ダンガンロンパシリーズ
6,13,しまこ,Rewrite
6,13,金春キリヤ,喰霊ゼロ
6,13,折神紫,刀使ノ巫女
6,13,山本玲,宇宙戦艦ヤマト
6,13,ゲンマ,RAVE
6,14,怪堂天音,やじきた道中記
6,14,ノア・セワード,十字架シリーズ
6,14,ラット,ミルキィホームズシリーズ
6,14,御堂将剛,サイコパス
6,14,古塚梢,咲-Saki-
6,14,ジョーカー,炎炎ノ消防隊
6,14,若本徹子,ストライクウィッチーズ
6,15,将陵僚,蒼穹のファフナー
6,15,高橋千華,ハイスクール・フリート
6,15,レイレガリア・ヴァース・レイヴァース,アルドノア・ゼロ
6,15,新免那岐,咲-Saki-
6,15,大野あや,ガールズアンドパンツァー
6,15,ソラシド・シャープナー,RAVE
6,15,あゆむちゃん,アムズガーデン
6,16,杵崎ほまれ,ハイスクール・フリート
6,16,杵崎あかね,ハイスクール・フリート
6,16,北条悟史,ひぐらしのなく頃に
6,16,益子薫,刀使ノ巫女
6,16,赤瀬川摩姫,ガールフレンド(仮)
6,16,葉月柚子,ガールフレンド(仮)
6,17,加持リョウジ,エヴァンゲリオン
6,17,二葉あおい,ビビッドレッド・オペレーション
6,17,羅漢堂凛,ガンスリンガーストラトス
6,17,木村日菜,咲-Saki-
6,17,右代宮縁寿,うみねこのなく頃に
6,17,ジェロニモ,キン肉マン
6,17,土方,閃乱カグラ
6,17,河嶋家三女,ガールズアンドパンツァー
6,18,中津静流,Rewrite
6,18,チュチュ,SHOW BY ROCK!!
6,18,エルヴィン,ガールズ＆パンツァー
6,18,アナスタシア・ニコラエヴナ・ロマノヴァ,DRIFTERS
6,18,古谷朱里,ガールフレンド(仮)
6,18,山口大介,咲-Saki-
6,19,草陰稜,ガンスリンガーストラトス
6,19,マリア・タチバナ,サクラ大戦
6,19,カーミラ,Re:ゼロから始める異世界生活
6,19,郝慧宇,咲-Saki-
6,20,藤木コウタ,ゴッドイーター
6,20,鷹野三四,ひぐらしのなく頃に
6,20,許ﾁｮ仲康,一騎当千シリーズ
6,20,司馬懿仲達,一騎当千シリーズ
6,20,カーラ・J・ルクシック,ストライクウィッチーズ
6,21,ユーノ,ツインエンジェルシリーズ
6,21,王馬小吉,ダンガンロンパシリーズ
6,21,烈火星宮,炎炎ノ消防隊
6,21,ジェミニ・サンライズ,サクラ大戦シリーズ
6,21,レイン,ソードアート・オンライン
6,22,武部沙織,ガールズ＆パンツァー
6,22,ステラ・ブレーメル,トータル・イクリプス
6,22,赤土晴絵,咲-Saki-
6,22,つぎはぎ,SHOW BY ROCK!!
6,22,カロン,炎炎ノ消防隊
6,22,花村陽介,ペルソナシリーズ
6,22,宮藤一郎,ストライクウィッチーズ
6,22,如水,閃乱カグラ
6,23,劉備玄徳,一騎当千シリーズ
6,23,日野道生,蒼穹のファフナー
6,23,アサギ,ボンバーガール
6,23,秋月律子,アイドルマスターミリオンライブ
6,23,雀明華,咲-Saki-
6,23,Bさん,BBステーション
6,24,北条沙都子,ひぐらしのなく頃に
6,24,吉備土,甲鉄城のカバネリ
6,24,蟹座のデスマスク,聖闘士星矢
6,24,筧至鋼,アルドノア・ゼロ
6,24,天田乾,ペルソナシリーズ
6,25,花垣武道,東京リベンジャーズ
6,25,柏木渚,かぐや様は告らせたい
6,25,ビビアン,七つの大罪
6,25,藤田靖子,咲-Saki-
6,25,コアラ,ガールズアンドパンツァー
6,26,藤原萌葉,かぐや様は告らせたい
6,26,ハンドレッコ,SHOW BY ROCK!!
6,26,戸村美知留,ガールフレンド(仮)
6,26,マヨ,「スロットアプリ」泰平に萌えろ!!
6,27,征陸智己,サイコパス
6,27,間宮ののか,緋弾のアリア
6,27,荒川憩,咲-Saki-
6,28,蒼月潮,うしおととら
6,28,春日未来,アイドルマスターミリオンライブ
6,28,谷垣源次郎,ゴールデンカムイ
6,28,鈴木功一,シュタインズゲート
6,29,高嶺竜児,リングにかけろ
6,29,左右田和一,ダンガンロンパシリーズ
6,29,フォウ・ムラサメ,機動戦士ガンダムシリーズ
6,29,明石,アズールレーン
6,29,柴柚葉,東京卍リベンジャーズ
6,30,二宮タカヒ,革命機ヴァルヴレイヴ
6,30,辺古山ペコ,ダンガンロンパシリーズ
6,30,霧切仁,ダンガンロンパシリーズ
6,30,リカルド・マルティーニ,ガンスリンガーストラトス
6,30,加藤真琴,宇宙戦艦ヤマト
6,30,テリーマン,キン肉マン
6,30,武内未美,ガールフレンド(仮)
6,30,ニーナ,ガールズアンドパンツァー
7,1,エスカノール,七つの大罪
7,1,星竜馬,ダンガンロンパシリーズ
7,1,伊藤若菜,セイクリッドセブン
7,1,西住まほ,ガールズ＆パンツァー
7,1,杉本珊瑚,ハイスクール・フリート
7,1,加賀美茉莉,ガールフレンド(仮)
7,1,北郷章香,ストライクウィッチーズ
7,1,杉元照文,弱虫ペダル
7,1,キラリちゃん,光輝グループオリキャラ
7,2,耶賀頼蒼真,アルドノア・ゼロ
7,2,ハンナ・ウルリーケ・ルーデル,ストライクウィッチーズ
7,2,岩館揺杏,咲-Saki-
7,2,リオネット,RAVE
7,2,ティーゼ・シュトリーネン,ソードアート・オンライン
7,3,花咲ナミ,七匠イメージキャラ
7,3,バラたん,ロボットガールズZ
7,3,風町陽歌,ガールフレンド
7,3,坂本竜司,ペルソナシリーズ
7,3,三途春千夜,東京リベンジャーズ
7,3,いちかちゃん,ハップス市川駅前店
7,4,木下ひなた,アイドルマスターミリオンライブ
7,4,日向アキト,コードギアス
7,4,志摩廉造,青の祓魔師
7,4,剣崎順,リングにかけろ
7,4,影道殉,リングにかけろ
7,4,リア,この素晴らしい世界に祝福を！
7,5,アイリス,サクラ大戦
7,5,葉隠浩子,ダンガンロンパシリーズ
7,5,須磨梓,絶対衝激
7,5,雪広あやか,魔法先生ネギま！
7,5,佐伯鞠香,ガールフレンド(仮)
7,6,天雄星ガルーダのアイアコス,聖闘士星矢
7,6,マズゥールカ,アルドノア・ゼロ
7,6,角田夏美,ハイスクール・フリート
7,6,てんしくん,エンジェルグループ
7,7,なつき,清流物語
7,7,たぬ吉,京楽産業．
7,7,リリカ・アスタディール,ツインエンジェル
7,7,キレパンダ,高尾
7,7,ライラ,アニマルマンション
7,7,眠井ひな,ユニマーケット公式アンバサダー
7,7,戦場ヶ原ひたぎ,化物語シリーズ
7,7,巻島裕介,弱虫ペダル
7,7,古代進,宇宙戦艦ヤマト2199
7,7,ソレッタ・織姫,サクラ大戦
7,7,斑鳩,閃乱カグラ
7,7,舞園さやか,ダンガンロンパシリーズ
7,7,皆城織姫,蒼穹のファフナー
7,7,ユリウス・ユークリウス,Re:ゼロから始める異世界生活
7,7,シュウ☆ゾー,SHOW BY ROCK!!
7,7,有栖川メイプル,SHOW BY ROCK!!
7,7,椎名かがり,シュタインズゲート
7,7,トゥエンティ,ミルキィホームズシリーズ
7,7,桜小路優,ガラスの仮面
7,7,于吉,一騎当千シリーズ
7,7,刃渡ミカ,大工の源さんシリーズ
7,7,十文字颯,大工の源さんシリーズ
7,7,篠ノ之箒,インフィニット・ストラトス
7,7,石河葵,絶対衝激
7,7,南田七星,ガールフレンド(仮)
7,7,マーガレット・リオネス,七つの大罪
7,7,ルシア・レアグローブ,RAVE
7,7,ハル・グローリー,RAVE
7,7,喝風太郎,楽園グループイメージキャラ
7,7,マリちゃん&シスちゃん,マリオンキャラ
7,7,ななぼーや,夢広場
7,8,シャーリー・フェネット,コードギアス
7,8,立上芹,蒼穹のファフナー
7,8,アーデン,七つの大罪
7,8,アリーナ,ガールズアンドパンツァー
7,8,ベルニカ,RAVE
7,9,小早川ティナ,"Wake Up, Girls!"
7,9,ナタク孫,炎炎ノ消防隊
7,10,ナナティー,ナナシー
7,10,アーサー・ボイル,炎炎ノ消防隊
7,10,枢木スザク,コードギアス
7,10,園崎詩音、園崎魅音,ひぐらしのなく頃に
7,10,オレンジペコ,ガールズ＆パンツァー
7,10,楽進文謙,一騎当千シリーズ
7,10,ローザ・スプラッシュ,RAVE
7,11,吉宗,大都技研オリキャラ
7,11,伊吹マヤ,エヴァンゲリオン
7,11,リーゼロッテ,革命機ヴァルヴレイヴ
7,11,愛宕雅枝,咲-Saki-
7,11,能登和泉,トータル・イクリプス
7,11,酒井田夏海,ガールフレンド(仮)
7,12,風澄徹,ガンスリンガーストラトス
7,12,西九条灯花,Rewrite
7,12,久保田友季,ガールフレンド(仮)
7,12,理事長,ガールズアンドパンツァー
7,13,サム,海物語シリーズ
7,13,蔵人,閃乱カグラ
7,13,瑞原はやり,咲-Saki-
7,14,馬宮まい,G1優駿倶楽部
7,14,マギア,十字架シリーズ
7,14,あかり,沖ハナ
7,14,藤原美奈都,刀使ノ巫女
7,14,葉加瀬聡美,魔法先生ネギま！
7,14,秋山淳五郎,ガールズアンドパンツァー
7,14,チーノ,RAVE
7,15,終里赤音,ダンガンロンパシリーズ
7,15,新開隼人,弱虫ペダル
7,15,奈楽,閃乱カグラ
7,15,右代宮戦人,うみねこのなく頃に
7,15,箕国起助,アルドノア・ゼロ
7,15,山本タクヤ,東京リベンジャーズ
7,15,陽本ジン,革命機ヴァルヴレイヴ
7,15,パトリシア・シェイド,ストライクウィッチーズ
7,15,遠山金天,緋弾のアリア
7,15,モモガー,ガールズアンドパンツァー
7,15,いちご姫,国際会館イメージキャラ
7,16,七色れあ,パチンコ特化型Vtuber
7,16,遠山キンジ,緋弾のアリア
7,16,石戸霞,咲-Saki-
7,16,十凍京,ゼーガペイン
7,16,常来六花,ベラジオスロットオペラ
7,18,愛宕洋榎,咲-Saki-
7,18,林田希羅,ガールフレンド(仮)
7,18,鷺森公子,咲-Saki-
7,18,アリサ,ガールズアンドパンツァー
7,19,久海菜々美,"Wake Up, Girls!"
7,19,野間マチコ,ハイスクール・フリート
7,19,三浦あずさ,アイドルマスターミリオンライブ
7,19,朝比奈桃子,ガールフレンド(仮)
7,19,木寅ミルヤ,刀使ノ巫女
7,19,祀,閃乱カグラ
7,20,ワリン,海物語シリーズ
7,20,ひまわり,サミーマスコット
7,20,春花,閃乱カグラ
7,20,蓮華,閃乱カグラ
7,20,岬明乃,ハイスクール・フリート
7,20,三宅日向,宇宙よりも遠い場所
7,20,リヴァル・カルデモンド,コードギアス
7,20,ミネルヴァ,Re:ゼロから始める異世界生活
7,20,小林亜依子,ハイスクール・フリート
7,20,太田健二郎,宇宙戦艦ヤマト
7,20,アレクサンドラ・ヴィントハイム,咲-Saki-
7,20,橘響子,ガールフレンド(仮)
7,20,栢嶋乙女,ガールフレンド(仮)
7,21,ジョディ・バーンサイド,南国育ちシリーズ
7,21,七鳳レイ,サミー JanQutE(非パチ＆スロ化
7,21,姫島朱乃,ハイスクールD×D
7,21,リュウ,ストリートファイター
7,21,鍋島ちより,ガールフレンド(仮)
7,21,阪口桂利奈,ガールズアンドパンツァー
7,22,羽佐間容子,蒼穹のファフナー
7,22,水潟九美,ガンスリンガーストラトス
7,22,吉川繭子,ガールフレンド(仮)
7,23,四宮ひまわり,ビビッドレッド・オペレーション
7,23,渋谷尭深,咲-Saki-
7,23,レイナ・プラウラー,マクロス⊿
7,23,舞浜歩,アイドルマスターミリオンライブ
7,23,鹿矛囲桐斗,サイコパス
7,23,ロージア,SHOW BY ROCK!!
7,23,麗王,閃乱カグラ
7,23,遠山未涼,ガールフレンド(仮)
7,23,セリア,RAVE
7,23,ボス,「スロットアプリ」泰平に萌えろ!!
7,24,西郷晴花,G1フェアリーグランプリ
7,24,デルソル親父,ユニバーサルオリキャラ
7,24,メイデン,十字架シリーズ
7,24,宮田さやか,競女!!!!!!!!
7,24,ミレイ・アッシュフォード,コードギアス
7,24,獅童真希,刀使ノ巫女
7,24,柴大寿,東京卍リベンジャーズ
7,24,蝶野亜美,ガールズアンドパンツァー
7,25,葉隠康比呂,ダンガンロンパシリーズ
7,25,牧瀬紅莉栖,シュタインズゲート
7,25,メリオダス,七つの大罪
7,25,波多野憲二,モンキーターン
7,25,エイスリン・ウィッシュアート,咲-Saki-
7,25,知名もえか,ハイスクール・フリート
7,25,池田緋菜/菜沙/城菜,咲-Saki-
7,26,神鳥小鳥,Rewrite
7,26,両姫,閃乱カグラ
7,26,ダル太夫,SHOW BY ROCK!!
7,26,東横桃子,咲-Saki-
7,26,水野楓夏,ガールフレンド(仮)
7,27,早乙女アルト,マクロス・フロンティア
7,27,イーニア・シェスチナ,トータル・イクリプス
7,27,花菱烈火,烈火の炎
7,28,真宮寺さくら,サクラ大戦
7,28,天羽奏,戦姫絶唱シンフォギア
7,28,片桐鏡磨,ガンスリンガーストラトス
7,28,竜宮レナ,ひぐらしのなく頃に
7,28,近藤彩乃,蒼穹のファフナー
7,28,南部康雄,宇宙戦艦ヤマト
7,28,車井百花,咲-Saki-
7,28,磯辺典子,ガールズアンドパンツァー
7,29,マーティカ・ビャーチェノワ,トータル・イクリプス
7,29,張郃儁乂,一騎当千シリーズ
7,29,野依理沙,咲-Saki-
7,29,西住しほ,ガールズアンドパンツァー
7,29,ユナ,ソードアート・オンライン
7,30,伊吹翼,アイドルマスターミリオンライブ
7,30,右代宮夏妃,うみねこのなく頃に
7,30,里中千枝,ペルソナシリーズ
7,30,ララ,ストリートファイター
7,30,ハンナ・ウィンド,ストライクウィッチーズ
7,31,真宮寺是清,ダンガンロンパシリーズ
7,31,藤枝あやめ,サクラ大戦
7,31,間宮リナ,ひぐらしのなく頃に
8,1,マリンちゃん,海物語シリーズ
8,1,日高ナツ,南国育ちシリーズ
8,1,サイラオーグ・バアル,ハイスクールD×D
8,1,羽入,ひぐらしのなく頃に
8,1,アクア,この素晴らしい世界に祝福を！
8,1,アクア,ボンバーガール
8,1,佐野真一郎,東京リベンジャーズ
8,1,白銀圭,かぐや様は告らせたい
8,1,掛井園美,ガールフレンド(仮)
8,1,細見静子,ガールズアンドパンツァー
8,1,ユイ,ソードアート・オンライン
8,1,はっぴーくん,プレイランドハッピー
8,2,山根千里,G1フェアリーグランプリ
8,2,ロッキー,わんわんパラダイスシリーズ
8,2,ジェレミア・ゴットバルト,コードギアス
8,2,閃光,閃乱カグラ
8,2,姫路果代子,ハイスクール・フリート
8,2,霧沢風子,烈火の炎
8,2,獅子原爽,咲-Saki-
8,2,リサ・アヴェ・デュ・アンク,緋弾のアリア
8,3,葉月クルミ,快盗天使ツインエンジェル
8,3,虹河ラキ,山佐
8,3,ハーノイン,革命機ヴァルヴレイヴ
8,3,亦野誠子,咲-Saki-
8,3,水影虎之丞,ガンスリンガーストラトス
8,3,赤坂衛,ひぐらしのなく頃に
8,3,お銀,ガールズアンドパンツァー
8,4,上乗恋,777パチガブ専属パチンコ/パチスロバーチャルライター
8,4,趙雲子龍,一騎当千シリーズ
8,4,シャルル・ジ・ブリタニア,コードギアス
8,4,V.V.,コードギアス
8,4,赤木ナオコ,エヴァンゲリオンシリーズ
8,4,濱田忠臣,東京卍リベンジャーズ
8,4,店長,株式会社アラジン イメージキャラ
8,5,立石志摩,ハイスクール・フリート
8,5,姫川亜弓,ガラスの仮面
8,5,永森和子,咲-Saki-
8,5,カトレア・グローリー,RAVE
8,6,ホーク,七つの大罪
8,6,小泉由佳,ガールフレンド(仮)
8,6,あむちゃん,アムズガーデン
8,7,お華ちゃん,遠山の金さん
8,7,ハナビちゃん！,ハナビちゃんは遅れがち
8,7,マリア・カデンツァヴナ・イヴ,戦姫絶唱シンフォギア
8,7,モア,SHOW BY ROCK!!
8,7,ザーツバルム,アルドノア・ゼロ
8,7,不知火五十鈴,ガールフレンド(仮)
8,8,ウリン,海物語シリーズ
8,8,葉月つかさ,ツインエンジェルシリーズ
8,8,霧島ハル/ルナ,平和チャンネル
8,8,東堂尽八,弱虫ペダル
8,8,ロスヴァイセ,ハイスクールD×D
8,8,逞生,甲鉄城のカバネリ
8,8,フェルト,Re:ゼロから始める異世界生活
8,8,柳原麻侖,ハイスクール・フリート
8,8,八波弾,大工の源さんシリーズ
8,8,鬼頭大龍,大工の源さんシリーズ
8,8,霧隠シュラ,青の祓魔師
8,8,アシュラマン,キン肉マン
8,8,古代守,宇宙戦艦ヤマト
8,8,モンスピート,七つの大罪
8,8,高良美海,ガールフレンド(仮)
8,8,高良美空,ガールフレンド(仮)
8,8,押田,ガールズアンドパンツァー
8,8,キスケン,パチンコPAO
8,8,アイちゃん,コンコルドグループ
8,8,ハッチー,ピータイム
8,9,張飛益徳,一騎当千シリーズ
8,9,塔和灰滋,ダンガンロンパシリーズ
8,9,末原恭子,咲-Saki-
8,9,木山春生,とある魔術の禁書目録
8,9,鈴木萌歌,"Wake Up, Girls!"
8,10,御門零央,蒼穹のファフナー
8,10,皇神楽耶,コードギアス
8,10,高坂海美,アイドルマスターミリオンライブ
8,10,志摩八百造,青の祓魔師
8,10,レオナルド・バーンズ,炎炎ノ消防隊
8,10,鈴河凛乃,ガールフレンド(仮)
8,10,パラオ,楽園グループイメージキャラ
8,10,御福イオリ,福井マルハン
8,11,天城茉莉音,ミルキィホームズシリーズ
8,11,進藤マサキ,喰霊ゼロ
8,11,吉田親子,ハイスクール・フリート
8,11,相澤菜野花,"Wake Up, Girls!"
8,11,ネプチューンマン,キン肉マン
8,11,荒垣真次郎,ペルソナシリーズ
8,11,アズミ,ガールズアンドパンツァー
8,11,はな,アイランドグループ公式キャラ
8,13,衛藤可奈美,刀使ノ巫女
8,13,小楯衛,蒼穹のファフナー
8,13,三嶋ゆらら,ガールフレンド(仮)
8,14,南野カナ,ユニバーサルオリキャラ
8,14,アスピス,十字架シリーズ
8,14,連坊小路サトミ,革命機ヴァルヴレイヴ
8,14,楽就,一騎当千シリーズ
8,14,ワイーヨ,七つの大罪
8,14,加藤ミカ,咲-Saki-
8,14,皆口英里,ガールフレンド(仮)
8,15,エリカ・フォンティーヌ,サクラ大戦
8,15,雅緋,閃乱カグラ
8,15,鳳凰星座の一輝,聖闘士星矢
8,15,島大介,宇宙戦艦ヤマト
8,15,白銀つむぎ,ダンガンロンパシリーズ
8,15,Gポン,「スロットアプリ」泰平に萌えろ!!
8,15,佐倉こまち,マルハン茨島店
8,16,狡噛慎也,PSYCHO-PASS
8,16,一色あかね,ビビッドレッド・オペレーション
8,16,九頭龍冬彦,ダンガンロンパシリーズ
8,16,獅子座のアイオリア,聖闘士星矢
8,16,新藤楓,メガロ大須店
8,16,ケイちゃん,PX女化店
8,17,義元,ローズテイルシリーズ
8,17,諫山黄泉,喰霊零
8,17,三雲・ギンヌメール,マクロス⊿
8,17,山口多聞,DRIFTERS
8,17,右代宮金蔵,うみねこのなく頃に
8,17,アーサー・ペンドラゴン,七つの大罪
8,17,渡辺琉音,咲-Saki-
8,17,エクレール,ガールズアンドパンツァー
8,18,霧島凪,打-WINナビゲートキャラ
8,18,宮藤芳佳,ストライクウィッチーズ
8,18,サーニャ・V・リトヴャク,ストライクウィッチーズ
8,18,服部静夏,ストライクウィッチーズ
8,18,矢吹可奈,アイドルマスターミリオンライブ
8,18,鰍,甲鉄城のカバネリ
8,18,界塚ユキ,アルドノア・ゼロ
8,18,ヤイバ,SHOW BY ROCK!!
8,18,早乙女ハルナ,魔法先生ネギま！
8,18,Z1,レーベ
8,19,岡橋初瀬,咲-Saki-
8,19,カルラ・G・E・フォン・ローゼン,ストライクウィッチーズ
8,19,音羽ユリ,ガールフレンド(仮)
8,19,緒川唯,ガールフレンド(仮)
8,19,シュダ,RAVE
8,20,勝呂竜士,青の祓魔師
8,20,天童寺セイラ,ガンスリンガーストラトス
8,20,佐野万次郎,東京リベンジャーズ
8,20,ピュンマ,サイボーグ009
8,20,ベリアル,RAVE
8,21,政宗,大都技研オリジナルキャラクター
8,21,古手梨花,ひぐらしのなく頃に
8,21,ロック,ブラックラグーン
8,21,ナカジマ,ガールズアンドパンツァー
8,21,シノン,ソードアート・オンライン
8,22,川流美優希,ツインエンジェル
8,22,宗方京助,ダンガンロンパシリーズ
8,22,バーディー,ストリートファイター
8,22,岸田稚慧,ガールフレンド(仮)
8,22,河嶋家五女,ガールズアンドパンツァー
8,22,ボトーン,RAVE
8,22,レミ・シャープナー,RAVE
8,23,白粉花,ベン・トー
8,23,ダリル・ヤン,ギルティクラウン
8,24,デルタ,十字架シリーズ
8,24,鳳ちはや,Rewrite
8,24,松実宥,咲-Saki-
8,24,ライエ・アリアーシュ,アルドノア・ゼロ
8,25,阿,SHOW BY ROCK!!
8,25,右代宮朱志香,うみねこのなく頃に
8,25,ラーメンマン,キン肉マン
8,25,田沼翼,かぐや様は告らせたい
8,25,ナイト,牙狼
8,26,弥次郎兵衛,やじきた道中記
8,26,ギルサンダー,七つの大罪
8,26,坂本美緒,ストライクウィッチーズ
8,26,貴生川タクミ,革命機ヴァルヴレイヴ
8,26,加藤三郎,宇宙戦艦ヤマト
8,26,西田順子,咲-Saki-
8,26,近藤妙子,ガールズアンドパンツァー
8,27,篠宮可憐,アイドルマスターミリオンライブ
8,27,ニーナ・アインシュタイン,コードギアス
8,27,広石倫,絶対衝激
8,28,鳴子章吉,弱虫ペダル
8,28,ソーマ・シックザール,ゴッドイーター
8,28,譲崎ネロ,ミルキィホームズシリーズ
8,28,エルメンヒルデ・カルンスタイン,ハイスクールD×D
8,28,顔良,一騎当千シリーズ
8,28,ソフィア,ペルソナシリーズ
8,28,チャック・マスタング,マクロス⊿
8,29,葉月,ユニバーサルオリキャラ
8,29,菊地真,アイドルマスターミリオンライブ
8,29,原村恵,咲-Saki-
8,29,名倉節子,ガールズアンドパンツァー
8,29,メロディア,RAVE
8,30,漆原るか,シュタインズゲート
8,30,乃木園子,結城友奈は勇者である
8,30,御手洗亮太,ダンガンロンパシリーズ
8,30,夏侯惇元譲,一騎当千シリーズ
8,30,六角清香,刀使ノ巫女
8,30,黒川イザナ,東京リベンジャーズ
8,30,エバーマリー,RAVE
8,31,桜井智樹,そらのおとしもの
8,31,石丸清多夏,ダンガンロンパシリーズ
8,31,陸遜伯言,一騎当千シリーズ
8,31,山田はな,ガールフレンド(仮)
8,31,パゾ美,ガールズアンドパンツァー
9,1,洞口雄大,モンキーターン
9,1,冷泉麻子,ガールズ＆パンツァー
9,1,城戸沙織,聖闘士星矢
9,1,千葉凪沙,コードギアス
9,1,龐統士元,一騎当千シリーズ
9,1,郭嘉奉孝,一騎当千シリーズ
9,1,皆藤蜜子,ガールフレンド(仮)
9,1,ルーガス70,RAVE
9,1,ブロスン,マザーブロスキャラクター
9,2,クレア,大都技研オリキャラ
9,2,豊口のん,競女!!!!!!!!
9,2,豊川風花,アイドルマスターミリオンライブ
9,2,花村輝々,ダンガンロンパシリーズ
9,2,ミネバ・ラオ・ザビ,機動戦士ガンダムシリーズ
9,2,銭形次子,ミルキィホームズシリーズ
9,2,水無月さやか,ガラスの仮面
9,2,マルチナ・クレスピ,ストライクウィッチーズ
9,3,呂蒙子明,一騎当千シリーズ
9,3,神楽坂砂夜,ガールフレンド
9,3,宝生蟒,青の祓魔師
9,3,土屋由理,咲-Saki-
9,3,ヨウコ,ガールズアンドパンツァー
9,3,ナギサ・アンセクト,RAVE
9,4,流木野サキ,革命機ヴァルヴレイヴ
9,4,朝比奈悠太,ダンガンロンパシリーズ
9,4,鏑木美波,ハイスクール・フリート
9,4,柴八戒,東京リベンジャーズ
9,4,デラ,七つの大罪
9,4,イーディス・シンセシス・テン,ソードアート・オンライン
9,5,ガッキー,ロボットガールズZ
9,5,真瀬由子,咲-Saki-
9,5,銅橋正清,弱虫ペダル
9,5,若狭祥司,宇宙戦艦ヤマト
9,5,ゾル,七つの大罪
9,6,ノワール,マジカルハロウィンシリーズ
9,6,クロウ,SHOW BY ROCK!!
9,6,天江衣,咲-Saki-
9,6,ジェリコ,七つの大罪
9,6,フルフー,Re:ゼロから始める異世界生活
9,6,クロ,ボンバーガール
9,6,優一郎黒野,炎炎ノ消防隊
9,6,アイリス,この素晴らしい世界に祝福を！
9,7,片桐鏡華,ガンスリンガーストラトス
9,7,桐島カンナ,サクラ大戦
9,7,最原終一,ダンガンロンパシリーズ
9,7,セシル・クルーミー,コードギアス
9,7,プリシラ・バーリエル,Re:ゼロから始める異世界生活
9,8,フラップくん,ユニバーサルオリキャラ
9,8,飛鳥,閃乱カグラ
9,8,グレちゃん,ロボットガールズZ
9,8,岡本未夕,"Wake Up, Girls!"
9,8,市瀬美奈,宇宙戦艦ヤマト
9,8,寺平彩乃,咲-Saki-
9,8,猫田すずね,CUBAグループキャラクター
9,9,羽生まどか,G1優駿倶楽部
9,9,寿麗,ツインエンジェルシリーズ
9,9,クランキー,ユニバーサルオリキャラ
9,9,クマッキー,アニマルマンション
9,9,白銀御行,かぐや様は告らせたい
9,9,冥王ハーデス,聖闘士星矢
9,9,日影,閃乱カグラ
9,9,アンドロメダ星座の瞬,聖闘士星矢
9,9,和泉マミ,喰霊ゼロ
9,9,此花寿々花,刀使ノ巫女
9,9,山崎奨,宇宙戦艦ヤマト
9,9,九重,ハイスクールD×D
9,9,南條クミコ,ガールフレンド(仮)
9,9,正岡真衣,ガールフレンド(仮)
9,9,アキ,ガールズアンドパンツァー
9,9,ゲイル・シンフォニア・グローリー6世,RAVE
9,9,ゲイル・レアグローブ,RAVE
9,9,ブラックミクちゃん,ブラックミクちゃんアリーナ イメージキャラ
9,10,都明美,G1フェアリーグランプリ
9,10,龍門渕透華,咲-Saki-
9,10,ジルドレ,DRIFTERS
9,10,アイギス,ペルソナシリーズ
9,10,重藤秋穂,ガールフレンド(仮)
9,11,手嶋純太,弱虫ペダル
9,11,法条美樹,ミルキィホームズシリーズ
9,12,長月平之丞,ツインエンジェルシリーズ
9,12,セイラ・マス,機動戦士ガンダムシリーズ
9,12,ペパロニ,ガールズ＆パンツァー
9,12,相田ケンスケ,エヴァンゲリオンシリーズ
9,12,東野梓,ガールフレンド(仮)
9,13,うまえもん,うまい棒
9,13,大神さくら,ダンガンロンパシリーズ
9,13,立花響,戦姫絶唱シンフォギア
9,13,志那虎一城,リングにかけろ
9,13,渚カヲル,エヴァンゲリオン
9,13,ハークライト,アルドノア・ゼロ
9,13,仁科春夫,宇宙戦艦ヤマト
9,13,笹原野々花,ガールフレンド(仮)
9,13,ロニエ,ソードアート・オンライン
9,14,スパシー,十字架シリーズ
9,14,井上純,咲-Saki-
9,14,富竹ジロウ,ひぐらしのなく頃に
9,14,最上静香,アイドルマスターミリオンライブ
9,14,ξ988,ガンスリンガーストラトス
9,14,雪風真弥,ガールフレンド(仮)
9,15,見月そはら,そらのおとしもの
9,15,月光,閃乱カグラ
9,15,鹿倉胡桃,咲-Saki-
9,15,かりん,ストリートファイター
9,15,九重忍,ガールフレンド(仮)
9,15,小島エミ,ガールズアンドパンツァー
9,15,ゴウ・ロックウェル,RAVE
9,16,アードライ,革命機ヴァルヴレイヴ
9,16,ロズワール・L・メイザース,Re:ゼロから始める異世界生活
9,16,片岡優希,咲-Saki-
9,16,茉希尾瀬,炎炎ノ消防隊
9,16,羽宮一虎,東京リベンジャーズ
9,16,鏡誠,セイクリッドセブン
9,16,ツキノ,SHOW BY ROCK!!
9,16,ライーサ・ペットゲン,ストライクウィッチーズ
9,17,吉留未春,咲-Saki-
9,17,ダージリン,ガールズ＆パンツァー
9,17,新多弘名,刀使ノ巫女
9,17,黒田那佳,ストライクウィッチーズ
9,17,芭蕉,閃乱カグラ
9,17,天都かなた,ガールフレンド(仮)
9,17,鳴海調,ガールフレンド(仮)
9,17,ユリウス・レイフィールド,RAVE
9,18,本間芽衣子,あの日見た花の名前を僕達はまだ知らない。
9,18,山城上総,トータル・イクリプス
9,18,ロビンマスク,キン肉マン
9,19,アルベルト・ハインリヒ,サイボーグ009
9,19,乙女座のシャカ,聖闘士星矢
9,19,ハウザー,七つの大罪
9,19,シルヴァ,ボンバーガール
9,20,永吉昴,アイドルマスターミリオンライブ
9,20,アセイラム・ヴァース・アリューシア,アルドノア・ゼロ
9,20,羽佐間翔子,蒼穹のファフナー
9,20,霞,閃乱カグラ
9,20,メグミ,ガールズアンドパンツァー
9,21,真壁一騎,蒼穹のファフナー
9,21,国広一,咲-Saki-
9,21,ハヤテ・インメルマン,マクロス⊿
9,22,アキラ,ローズテイル
9,22,まりまり,SHOW BY ROCK!!
9,22,真田明彦,ペルソナシリーズ
9,23,エンリー,ナナシー
9,23,神埼・H・アリア,緋弾のアリア
9,23,エミリア,Re:ゼロから始める異世界生活
9,23,武久火縄,炎炎ノ消防隊
9,23,菅野直,DRIFTERS
9,23,アンチョビ,ガールズ＆パンツァー
9,23,管野直枝,ストライクウィッチーズ
9,23,星名透,宇宙戦艦ヤマト
9,23,小倉愛,ガールフレンド(仮)
9,24,ギロ,十字架シリーズ
9,24,来栖,甲鉄城のカバネリ
9,24,ターニャ・デグレチャフ,幼女戦記
9,24,オリーヴ,ボンバーガール
9,24,福路美穂子,咲-Saki-
9,24,諸葛瑾子瑜,一騎当千シリーズ
9,25,黒騎れい,ビビッドレッド・オペレーション
9,25,寿武希子,フレームアームズガール
9,25,藤堂平九郎,宇宙戦艦ヤマト
9,26,良波しゅり,南国育ちシリーズ
9,26,ジュリア,アイドルマスターミリオンライブ
9,26,ラクス・レストリネ・ハ・キリウス,輪廻のラグランジェ
9,27,阿万音鈴羽,シュタインズゲート
9,27,織斑一夏,インフィニット・ストラトス
9,27,セイクリッドパーサー,セイクリッドセブン
9,28,ヴェイル,ツインエンジェルシリーズ
9,28,ヌイ,ツインエンジェルシリーズ
9,28,六合塚弥生,PSYCHO-PASS
9,28,ダスト,この素晴らしい世界に祝福を！
9,28,加藤武子,ストライクウィッチーズ
9,28,東雲レイ,ガールフレンド(仮)
9,29,紫藤イリナ,ハイスクールD×D
9,29,黄桜公一,ダンガンロンパシリーズ
9,29,イクスアイン,革命機ヴァルヴレイヴ
9,29,小金井薫,烈火の炎
9,29,右代宮留弗夫,うみねこのなく頃に
9,29,夕焼,閃乱カグラ
9,29,高島レミ,ガールズアンドパンツァー
9,29,グリフォン加藤,RAVE
9,30,鈴音先生,閃乱カグラ
9,30,大門寺笑,絶対衝激
9,30,アスナ,ソードアート・オンライン
9,30,姫,「スロットアプリ」泰平に萌えろ!!
10,30,ミーちゃん,ハイスクール・フリート
10,30,勝田聡子,ハイスクール・フリート
10,30,黒歌,ハイスクールD×D
10,30,十津川警子,ミルキィホームズシリーズ
10,30,ウォーズマン,キン肉マン
10,30,長谷川善吉,ペルソナシリーズ
10,30,アンジェラ・サラス・ララサーバル,ストライクウィッチーズ
10,30,佐渡酒造,宇宙戦艦ヤマト
10,30,夕霧,閃乱カグラ
10,30,五代律,ガールフレンド(仮)
10,30,対木もこ,咲-Saki-
10,30,朝日奈ルナ,アサヒプロジェクト
10,30,戸持娘,ツインエンジェルシリーズ
10,30,葦木場拓斗,弱虫ペダル
10,30,天間星アケローンのカロン,聖闘士星矢
10,30,伊南栖羽,刀使ノ巫女
10,30,浜田紀代,ガールズアンドパンツァー
10,30,鹿目まどか,魔法少女まどか☆マギカ
10,30,天海蘭太郎,ダンガンロンパシリーズ
10,30,アレックス・サンダーボルト,ガンスリンガーストラトス
10,30,祭陽希咲,アルドノア・ゼロ
10,30,ワンダフル・ゴッチ,RAVE
10,30,細川雪,G1フェアリーグランプリ
10,30,原村和,咲-Saki-
10,30,龍星座の紫龍,聖闘士星矢
10,30,パプル,ボンバーガール
10,30,堂島奈々子,ペルソナシリーズ
10,30,サリエル,七つの大罪
10,30,東村尊大,弱虫ペダル
10,30,ガレイン・ムジカ,RAVE
10,30,シリカ,ソードアート・オンライン
10,5,田中琴葉,アイドルマスターミリオンライブ
10,5,グレンダさん,ロボットガールズZ
10,5,ジーグさん,ロボットガールズZ
10,5,ジャクリン,SHOW BY ROCK!!
10,5,小楯保,蒼穹のファフナー
10,5,藤堂静子,ガールフレンド(仮)
10,5,河西忍,ガールズアンドパンツァー
10,6,霧切響子,ダンガンロンパシリーズ
10,6,オルガ・ジェンテイン,ガンスリンガーストラトス
10,6,リーン,この素晴らしい世界に祝福を！
10,6,森合愛実,咲-Saki-
10,7,モグモグちゃん,ハナビちゃんは遅れがち
10,7,キリト,ソードアート・オンライン
10,7,王陵璃華子,サイコパス
10,7,赤阪郁乃,咲-Saki-
10,7,月隈林子,ガールフレンド(仮)
10,7,河嶋家次女,ガールズアンドパンツァー
10,7,キリト,ソードアート・オンライン
10,8,テンパイちゃん,ドラドラ天国シリーズ
10,8,叢,閃乱カグラ
10,8,河野燕,ハイスクール・フリート
10,8,メディナ・オルティナノス,ソードアート・オンライン
10,9,リク,SHOW BY ROCK!!
10,9,カイ,SHOW BY ROCK!!
10,9,真屋由暉子,咲-Saki-
10,9,楓,閃乱カグラ
10,9,ボコ,ガールズアンドパンツァー
10,10,コクリコ,サクラ大戦
10,10,深堀純代,咲-Saki-
10,10,華毘,閃乱カグラ
10,10,田村源三,大工の源さん
10,10,,大工の源さんシリーズ
10,10,メラスキュラ,七つの大罪
10,10,藤堂三郎太,青の祓魔師
10,10,我那覇響,アイドルマスターミリオンライブ
10,10,播つぐみ,刀使ノ巫女
10,10,ヘルマ・レンナルツ,ストライクウィッチーズ
10,10,林田たまき,ガールフレンド(仮)
10,10,ライテンくん,テンガイ・フェスタグループ公式キャラ
10,10,仁王瑠衣,メガロ大須店
10,11,ユーフェミア・リ・ブリタニア,コードギアス
10,11,神木出雲,青の祓魔師
10,11,阿津木いつか,"Wake Up, Girls!"
10,11,金城優,ベン・トー
10,11,李春燕,ガールフレンド(仮)
10,11,トリスターナ,ガールズアンドパンツァー
10,12,雨宮リンドウ,ゴッドイーター
10,12,松永理都子,ハイスクール・フリート
10,12,山口揚羽,セイクリッドセブン
10,12,ガーフィール・ティンゼル,Re:ゼロから始める異世界生活
10,12,石見安芸,トータル・イクリプス
10,12,巽由華,咲-Saki-
10,13,レッツくん,ユニバーサルオリキャラ
10,13,ソニア・ネヴァーマインド,ダンガンロンパシリーズ
10,13,ソフィロ・カリア・ロス・イゾ,輪廻のラグランジェ
10,13,冷泉久子,ガールズアンドパンツァー
10,14,ローラ・セワード,十字架シリーズ
10,14,すーぱーそに子,パチスロ大海物語4 with すーぱーそに子
10,14,クロヴィス・ラ・ブリタニア,コードギアス
10,14,花田煌,咲-Saki-
10,14,浅見花子,咲-Saki-
10,14,美苺,閃乱カグラ
10,14,浅見花子,咲-Saki-
10,15,怪堂茜,ユニバーサルオリキャラ
10,15,時縞ハルト,革命機ヴァルヴレイヴ
10,15,セレナ・カデンツァヴァナ・イヴ,戦姫絶唱シンフォギア
10,15,林良平,東京リベンジャーズ
10,15,フラウドリン,七つの大罪
10,15,牛丸,閃乱カグラ
10,15,吉永和花那,ガールフレンド(仮)
10,16,轟金剛,大都技研オリキャラ
10,16,田所迅,弱虫ペダル
10,16,沢渡美奈,ガラスの仮面
10,16,デンゼル・リオネス,七つの大罪
10,17,神無月咲枝,ツインエンジェル
10,17,タコスロちゃん,ハナビちゃんは遅れがち
10,18,乾青宗,東京リベンジャーズ
10,18,アウロラ・E・ユーティライネン,ストライクウィッチーズ
10,18,十曽湧,咲-Saki-
10,18,織部千華,ガールフレンド(仮)
10,18,十曽湧,咲-Saki-
10,19,ギルバート・GP・ギルフォード,コードギアス
10,19,岳羽ゆかり,ペルソナシリーズ
10,19,篠原弘樹,宇宙戦艦ヤマト
10,20,無名,甲鉄城のカバネリ
10,20,天秤座の童虎,聖闘士星矢
10,20,灰谷竜胆,東京卍リベンジャーズ
10,20,霧生典子,ガールフレンド(仮)
10,20,えがおん,ペラジオコーポレーション
10,21,二階堂千鶴,アイドルマスターミリオンライブ
10,21,藤枝かえで,サクラ大戦
10,21,エルキュール・バートン,ミルキィホームズシリーズ
10,21,右代宮絵羽,うみねこのなく頃に
10,21,村上夏美,魔法先生ネギま！
10,21,大沼秋一郎,咲-Saki-
10,21,稲富ひびき,ガールズアンドパンツァー
10,22,ムギナミ,輪廻のラグランジェ
10,22,安河内美子,咲-Saki-
10,22,フェルナンディア・マルヴェッツィ,ストライクウィッチーズ
10,22,雁淵孝美,ストライクウィッチーズ
10,22,小鈴,閃乱カグラ
10,22,安河内美子,咲-Saki-
10,23,神無月葵,ツインエンジェル
10,23,西住みほ,ガールズ＆パンツァー
10,23,新月渚,ダンガンロンパシリーズ
10,23,等松美海,ハイスクール・フリート
10,23,ニャン・ヨー,サイコパス
10,23,早見英子,ガールフレンド(仮)
10,24,シーザ,十字架シリーズ
10,24,島田愛里寿,ガールズ＆パンツァー
10,24,花田煌,咲-Saki-
10,25,ナナリー・ランペルージ,コードギアス
10,25,ロロ・ランペルージ,コードギアス
10,25,間宮あかり,緋弾のアリア
10,25,泉宮寺豊久,PSYCHO-PASS
10,25,小笠原光,ハイスクール・フリート
10,25,日野奏恵,ガールフレンド(仮)
10,25,大山真由里,ガールフレンド(仮)
10,26,紫,閃乱カグラ
10,26,島原エレナ,アイドルマスターミリオンライブ
10,26,アーニャ・アルストレイム,コードギアス
10,26,ルミ,ガールズアンドパンツァー
10,27,宮永咲,咲-Saki-
10,27,本間棗,絶対衝激
10,27,半間修二,東京リベンジャーズ
10,28,神無月美佐枝,ツインエンジェル
10,28,呂布奉先,一騎当千シリーズ
10,28,メリッサ,この素晴らしい世界に祝福を！
10,28,ゴモヨ,ガールズアンドパンツァー
10,29,知床鈴,ハイスクール・フリート
10,29,森羅日下部,炎炎ノ消防隊
10,29,キーボ,ダンガンロンパシリーズ
10,29,チェ・グソン,サイコパス
10,29,月影千草,ガラスの仮面
10,29,レムリナ・ヴァース・エンヴァース,アルドノア・ゼロ
10,29,北野哲也,宇宙戦艦ヤマト
10,29,ハードナー,RAVE
10,30,天猛星ワイバーンのラダマンティス,聖闘士星矢
10,30,デリエリ,七つの大罪
10,30,沢桔鏡＆沢桔梗,ベン・トー
10,30,キャシー・オードナー,ガンスリンガーストラトス
10,31,バーナビー・ブルックスJr.,TIGER&BUNNY
10,31,ヘンドリクセン,七つの大罪
10,31,加東圭子,ストライクウィッチーズ
10,31,舞,閃乱カグラ
11,1,エイリやん,サミーマスコット
11,1,ラブちゃん,わんわんパラダイスシリーズ
11,1,小淵沢報瀬,宇宙よりも遠い場所
11,1,黒木洋美,ハイスクール・フリート
11,1,呉栄,一騎当千シリーズ
11,1,アドリアーナ・ヴィスコンティ,ストライクウィッチーズ
11,1,マリアン・E・カール,ストライクウィッチーズ
11,1,丸山沙希,ガールズアンドパンツァー
11,2,アップ,サミー・ジュラッキーズ
11,2,村上文緒,ガールフレンド
11,2,成まなみ,ガールフレンド(仮)
11,2,真加部主水,ガンスリンガーストラトス
11,2,江崎仁美,咲-Saki-
11,2,比屋定真帆,シュタインズゲート
11,2,五十鈴百合,ガールズアンドパンツァー
11,3,空木レンカ,ゴッドイーター
11,3,小山柚子,ガールズ＆パンツァー
11,3,フレイア・ヴィオン,マクロス⊿
11,3,速水真澄,ガラスの仮面
11,3,グスタフ本田,炎炎ノ消防隊
11,3,場地圭介,東京リベンジャーズ
11,3,新見薫,宇宙戦艦ヤマト
11,3,醐醍院誠,青の祓魔師
11,3,七海四季,ガールフレンド(仮)
11,3,神立うらら,MGM神立店
11,4,ストーンリバー,ミルキィホームズシリーズ
11,4,亞璃亞,閃乱カグラ
11,5,朱斎こよみ,ツインエンジェルシリーズ
11,5,葛城,閃乱カグラ
11,5,典韋,一騎当千シリーズ
11,5,クラウス・キーマン,宇宙戦艦ヤマト
11,5,スズキ,ガールズアンドパンツァー
11,6,周防桃子,アイドルマスターミリオンライブ
11,6,園崎茜,ひぐらしのなく頃に
11,6,畑山政子,ガールフレンド(仮)
11,6,ストレア,ソードアート・オンライン
11,7,小日向未来,戦姫絶唱シンフォギア
11,7,レイラ・マルカル,コードギアス
11,7,輝島ナイト,セイクリッドセブン
11,7,レトリー,SHOW BY ROCK!!
11,7,島田真夢,"Wake Up, Girls!"
11,7,吉野晴彦,Rewrite
11,7,綾小路咲良,ガンスリンガーストラトス
11,7,小鍛治健夜,咲-Saki-
11,8,有馬きっか, P GⅠ DREAMROAD
11,8,喜多八,やじきた道中記
11,8,関羽雲長,一騎当千シリーズ
11,8,不二咲太市,ダンガンロンパシリーズ
11,8,蠍座のミロ,聖闘士星矢
11,8,二条泉,咲-Saki-
11,8,右代宮霧江,うみねこのなく頃に
11,8,相楽エミ,ガールフレンド(仮)
11,9,篠崎咲世子,コードギアス
11,9,天王寺綯,シュタインズゲート
11,9,因果春日谷,炎炎ノ消防隊
11,9,ロン・グラッセ,RAVE
11,10,フリッパー,ユニバーサルオリキャラ
11,10,五月田根美香子,そらのおとしもの
11,10,三ノ輪銀,結城友奈は勇者である
11,10,グリアモール,七つの大罪
11,10,土井龍之介,青の祓魔師
11,10,紫芝菜月,咲-Saki-
11,10,ジェーン,ガールズアンドパンツァー
11,10,クレハ,ソードアート・オンライン
11,11,羽生まこ,G1優駿倶楽部
11,11,カミーユ・ビダン,機動戦士ガンダムシリーズ
11,11,天空橋朋花,アイドルマスターミリオンライブ
11,11,遠見真矢,蒼穹のファフナー
11,11,チタン,SHOW BY ROCK!!
11,11,大道寺,閃乱カグラ
11,11,加山雄一,サクラ大戦
11,11,ナスターシャ・イヴァノワ,トータル・イクリプス
11,11,神崎愛利紗,大工の源さんシリーズ
11,11,榊原つむぎ,ハイスクール・フリート
11,11,ヴァルトルート・クルピンスキー,ストライクウィッチーズ
11,11,坂巻浪郎,宇宙戦艦ヤマト
11,11,山野こだま,ガールフレンド(仮)
11,11,千代浦あやめ,ガールフレンド(仮)
11,11,オメガオー,第一物産公式キャラクター
11,11,テキサスタイガー,テキサスグループ
11,12,高巻杏,ペルソナシリーズ
11,12,長瀬楓,魔法先生ネギま！
11,12,深見絵真,ガールフレンド(仮)
11,12,ランジュ,RAVE
11,13,ロベリア・カルリーニ,サクラ大戦
11,13,霊屋ユウスケ,革命機ヴァルヴレイヴ
11,13,竹井久,咲-Saki-
11,13,水鏡凍季也,烈火の炎
11,13,イゴール・ネイガウス,青の祓魔師
11,13,ウルシ,ボンバーガール
11,14,セレスティア,十字架シリーズ
11,14,星伽白雪,緋弾のアリア
11,14,丸瀬紀子,咲-Saki-
11,14,室橋裕子,咲-Saki-
11,14,藤堂早紀,宇宙戦艦ヤマト
11,14,新田萌果,ガールフレンド(仮)
11,15,おりょう,ガールズ＆パンツァー
11,15,大石蔵人,ひぐらしのなく頃に
11,15,エルンスト・ロンメル,ストライクウィッチーズ
11,16,入間美兎,ダンガンロンパシリーズ
11,16,新井ソフィア,咲-Saki-
11,16,綾瀬夕映,魔法先生ネギま！
11,16,ジョーゼット・ルマール,ストライクウィッチーズ
11,16,三科健太,咲-Saki-
11,16,福田はる,ガールズアンドパンツァー
11,16,ジェリー・ボーン,RAVE
11,17,糸見沙耶香,刀使ノ巫女
11,17,ラクシャータ・チャウラー,コードギアス
11,17,志摩金造,青の祓魔師
11,17,龍宮真名,魔法先生ネギま！
11,18,佐々木志乃,緋弾のアリア
11,18,トリルラン,アルドノア・ゼロ
11,18,ロザリー・ド・エムリコート・ド・グリュンネ,ストライクウィッチーズ
11,18,シバ・ローゼス,RAVE
11,18,セブン,ソードアート・オンライン
11,19,天獣星スフィンクスのファラオ,聖闘士星矢
11,19,シエロ,この素晴らしい世界に祝福を！
11,19,鴉,閃乱カグラ
11,20,常磐カズミ,ミルキィホームズシリーズ
11,20,櫻井明音,ガールフレンド
11,20,安藤流流歌,ダンガンロンパシリーズ
11,21,百瀬莉緒,アイドルマスターミリオンライブ
11,21,赤木リツコ,エヴァンゲリオン
11,21,宜野座伸元,PSYCHO-PASS
11,21,熊倉トシ,咲-Saki-
11,21,伊勢咲良,ハイスクール・フリート
11,21,テア・クロイツェル,ハイスクール・フリート
11,21,テオ・ユッシラ,マクロス⊿
11,21,ザオ・ユッシラ,マクロス⊿
11,21,和泉亜子,魔法先生ネギま！
11,21,黒母衣,閃乱カグラ
11,21,於保多ナオ,革命機ヴァルヴレイヴ
11,22,リンリン,ツインエンジェルシリーズ
11,22,マリアンヌ・ヴィ・ブリタニア,コードギアス
11,22,ダルシム,ストリートファイター
11,22,アメリー・プランシャール,ストライクウィッチーズ
11,22,柊真琴,ガールフレンド(仮)
11,22,堂山ゆかり,咲-Saki-
11,22,ミッコ,ガールズアンドパンツァー
11,22,MC.ゼウス,スーパースロット クラブZ
11,23,ブラックトレーダー,快盗天使ツインエンジェル
11,23,シェリル・ノーム,マクロス・フロンティア
11,23,塔城小猫,ハイスクールD×D
11,23,セレスティア・ルーデンベルク,ダンガンロンパシリーズ
11,23,星井美希,アイドルマスターミリオンライブ
11,23,藤原利仙,咲-Saki-
11,23,ぴよたん,ガールズアンドパンツァー
11,24,ニードル,十字架シリーズ
11,24,観世トオル,喰霊ゼロ
11,25,右代宮秀吉,うみねこのなく頃に
11,25,佐野エマ,東京リベンジャーズ
11,25,藍夢,閃乱カグラ
11,25,伊勢谷里都,ガールフレンド(仮)
11,25,ローズヒップ,ガールズアンドパンツァー
11,26,近藤麻衣,"Wake Up, Girls!"
11,26,プルーン,ボンバーガール
11,26,魯粛子敬,一騎当千シリーズ
11,27,ジノ・ヴァインベルグ,コードギアス
11,27,澪田唯吹,ダンガンロンパシリーズ
11,27,内木一太,咲-Saki-
11,28,日野洋治,蒼穹のファフナー
11,28,クライン,ソードアート・オンライン
11,28,ふたばちゃん,ガーデングループ
11,29,神岡みなみ,G1フェアリーグランプリ
11,29,ヤス,うみねこのなく頃に
11,29,右代宮理御,うみねこのなく頃に
11,29,ドレファス,七つの大罪
11,29,時谷小瑠璃,ガールフレンド(仮)
11,29,能口彩花,咲-Saki-
11,30,クーフィア,革命機ヴァルヴレイヴ
11,30,射手座のアイオロス,聖闘士星矢
11,30,ミカ,ガールズ＆パンツァー
11,30,柊篝,刀使ノ巫女
11,30,千早,閃乱カグラ
11,30,百鬼藍子,咲-Saki-
12,1,伊院千代里,ツインエンジェルシリーズ
12,1,天馬星座の星矢,聖闘士星矢
12,1,金城真護,弱虫ペダル
12,1,アーロン・バロウズ,ガンスリンガーストラトス
12,1,ヴァレリオ・ジアコーザ,トータル・イクリプス
12,1,広田空,ハイスクール・フリート
12,1,アーサー・オーギュスト・エンジェル,青の祓魔師
12,1,テッカ,ボンバーガール
12,1,超鈴音,魔法先生ネギま！
12,1,小此木鉄郎,ひぐらしのなく頃にシリーズ
12,1,三科果歩,ガールフレンド(仮)
12,2,千堂敦,東京リベンジャーズ
12,3,愛姫,大都技研オリジナルキャラ 政宗
12,3,夢野秘密子,ダンガンロンパシリーズ
12,3,マーリン,七つの大罪
12,3,Zちゃん,ロボットガールズZ
12,3,縢秀星,PSYCHO-PASS
12,3,伊藤純銘,PSYCHO-PASS
12,3,左衛門佐,ガールズ＆パンツァー
12,3,入江京介,ひぐらしのなく頃に
12,3,野々原茜,アイドルマスターミリオンライブ
12,3,藤崎日向子,"Wake Up, Girls!"
12,3,青木麗,ガラスの仮面
12,3,椿,閃乱カグラ
12,3,島田泉,ガールフレンド(仮)
12,4,キキ・コリンズ,南国育ちシリーズ
12,4,アスカ・ラングレー,エヴァンゲリオン
12,4,めぐみん,この素晴らしい世界に祝福を！
12,4,宮里十海,ハイスクール・フリート
12,4,七之里呼吹,刀使ノ巫女
12,4,神崎恵,宇宙戦艦ヤマト
12,4,ジャヴァ・レット・ダハーカ,RAVE
12,4,新多ジン,株式会社アラジン
12,5,レンちゃん,わんわんパラダイスシリーズ
12,5,ルルーシュ・ランペルージ,コードギアス
12,5,奥村春,ペルソナシリーズ
12,5,穴拭智子,ストライクウィッチーズ
12,5,ラザーニャ,RAVE
12,5,プレミア,ソードアート・オンライン
12,5,ティア,ソードアート・オンライン
12,6,香取石松,リングにかけろ
12,6,天鳥美馬,甲鉄城のカバネリ
12,6,ギーラ,七つの大罪
12,6,内田まゆみ,ハイスクール・フリート
12,6,フレデリカ・バウマン,Re:ゼロから始める異世界生活
12,6,鳴滝風香,魔法先生ネギま！
12,6,鳴滝史伽,魔法先生ネギま！
12,6,エリザベス・F・ビューリング,ストライクウィッチーズ
12,6,ドミニカ・S・ジェンタイル,ストライクウィッチーズ
12,6,門松葉子,咲-Saki-
12,6,佐々岡よし子,咲-Saki-
12,6,澤梓,ガールズアンドパンツァー
12,6,イドムン,イルサローネグループ
12,7,サンダーVちゃん,ハナビちゃんは遅れがち
12,7,犬吠埼樹,結城友奈は勇者である
12,7,近藤剣司,蒼穹のファフナー
12,7,甘寧興覇,一騎当千シリーズ
12,8,葛城ミサト,エヴァンゲリオン
12,8,沖田十三,宇宙戦艦ヤマト
12,8,西絹代,ガールズ＆パンツァー
12,8,天城雪子,ペルソナシリーズ
12,9,青柳璃彩,PSYCHO-PASS
12,9,熊田一葉,ガールフレンド(仮)
12,10,山田ライゾウ,革命機ヴァルヴレイヴ
12,10,白石結月,宇宙よりも遠い場所
12,10,アッサム,ガールズ＆パンツァー
12,10,イザベル・デュ・モンソオ・ド・バーガンデール,ストライクウィッチーズ
12,10,竜ヶ崎珠里椏,ガールフレンド(仮)
12,10,アッサム,ガールズアンドパンツァー
12,11,白鳥詩織,ガールフレンド(仮)
12,11,河嶋家四女,ガールズアンドパンツァー
12,11,ディープスノー,RAVE
12,12,クジラッキー,海物語シリーズ
12,12,カリム・フラム,炎炎ノ消防隊
12,12,白瀬つづり,ガールフレンド(仮)
12,13,山下秀子,ハイスクール・フリート
12,13,アルゴー・オードナー,ガンスリンガーストラトス
12,13,ハンナ・ユスティーナ・マルセイユ,ストライクウィッチーズ
12,13,アネット・O・唐澤,ガールフレンド(仮)
12,13,新垣雛菜,ガールフレンド(仮)
12,13,上西千代子,ガールズアンドパンツァー
12,13,ヘビ・シルベット,RAVE
12,14,夕凪いずみ,南国育ちシリーズ
12,14,岡部倫太郎,シュタインズゲート
12,14,田中眼蛇夢,ダンガンロンパシリーズ
12,14,駿河瑠奈,ハイスクール・フリート
12,14,メッサー・イーレフェルト,マクロス⊿
12,14,ガッツ,「スロットアプリ」泰平に萌えろ!!
12,14,佐々野いちご,咲-Saki-
12,15,堂馬広登,蒼穹のファフナー
12,15,大星淡,咲-Saki-
12,15,葛野クドウ,喰霊ゼロ
12,15,柿崎怜,絶対衝激
12,15,Z23,ニーミ
12,15,柴大寿,東京リベンジャーズ
12,16,五十鈴華,ガールズ＆パンツァー
12,16,中谷育,アイドルマスターミリオンライブ
12,16,燕,閃乱カグラ
12,17,シエル・アランソン,ゴッドイーター
12,18,赤崎七海,セイクリッドセブン
12,18,文堂星夏,咲-Saki-
12,18,神郷諒,ペルソナシリーズ
12,19,怪堂朱音,やじきた道中記
12,19,コーデリア・グラウカ,ミルキィホームズシリーズ
12,19,カルパッチョ,ガールズ＆パンツァー
12,19,松野千冬,東京リベンジャーズ
12,20,バルークルス,アルドノア・ゼロ
12,20,アロー,炎炎ノ消防隊
12,20,中島錦,ストライクウィッチーズ
12,20,夢乃マホ,咲-Saki-
12,21,七鳳ケイ,サミー JanQutE(非パチ＆スロ化
12,21,マトローナ,七つの大罪
12,21,加治木ゆみ,咲-Saki-
12,21,小野寺千鶴,ガールフレンド(仮)
12,21,まろんちゃん,ネクスト中津川店
12,22,阿刀冬児,東京レイヴンズ
12,22,山岸風花,ペルソナシリーズ
12,22,アイレーン,SHOW BY ROCK!!
12,22,水田綾,"Wake Up, Girls!"
12,22,ジバゴ,七つの大罪
12,22,岡崎タイ子,タイキ 岡崎伊賀店
12,22,みなみちゃん,ハップス鎌ヶ谷南店
12,23,柳生,閃乱カグラ
12,23,此花ルチア,Rewrite
12,23,クリムヒルト,革命機ヴァルヴレイヴ
12,23,ビスマルク・ヴァルトシュタイン,コードギアス
12,23,葛西辰由,ひぐらしのなく頃に
12,23,鯉登音之進,ゴールデンカムイ
12,23,アベル,Re:ゼロから始める異世界生活
12,23,綾小路美麗,ガールフレンド(仮)
12,23,,咲-Saki-
12,23,ギバード桜子,咲-Saki-
12,23,獅子沢レオン,ベラジオ西中島店
12,24,ナイン・バイオレット,ツインエンジェル
12,24,テスラ・バイオレット,ツインエンジェル
12,24,須藤聖知,ウィザード・バリスターズ 弁魔士セシル
12,24,ディアンヌ,七つの大罪
12,24,クリスカ・ビャーチェノワ,トータル・イクリプス
12,24,島麒麟,緋弾のアリア
12,24,森雪,宇宙戦艦ヤマト
12,24,フランチェスカ・ルッキーニ,ストライクウィッチーズ
12,24,陳宮公台,一騎当千シリーズ
12,24,真白透子,ガールフレンド
12,24,セシリア・オルコット,インフィニット・ストラトス
12,24,ツガル,ボンバーガール
12,24,萩原雪歩,アイドルマスターミリオンライブ
12,24,皐月夜見,刀使ノ巫女
12,24,江ノ島盾子,ダンガンロンパシリーズ
12,24,レニ・ミルヒシュトラーセ,サクラ大戦
12,24,ルーク,牙狼
12,25,ジェロニモ・ジュニア,サイボーグ009
12,25,伊勢志摩綾,絶対衝激
12,25,鶴見篤四郎,ゴールデンカムイ
12,25,象日下部,炎炎ノ消防隊
12,25,クリス,この素晴らしい世界に祝福を！
12,25,エリス,この素晴らしい世界に祝福を！
12,25,ジョナサン・サイズモア,ガンスリンガーストラトス
12,25,白水六花,ガールフレンド(仮)
12,25,バカボンのパパ,天才バカボン
12,25,シマ,アイランドグループ公式キャラ
12,26,キャサリン・グラス,マクロス・フロンティア
12,26,雛川翔,PSYCHO-PASS
12,26,鈴原トウジ,エヴァンゲリオンシリーズ
12,26,野上良太郎,仮面ライダー電王
12,26,多治比真佑子,咲-Saki-
12,26,松田由惟,メガロ大須店
12,26,レオナ,イーゾーン公式ナビゲーター
12,27,皆城総士,蒼穹のファフナー
12,27,奥村燐,青の祓魔師
12,27,奥村雪男,青の祓魔師
12,27,徐晃公明,一騎当千シリーズ
12,27,小川セリカ,咲-Saki-
12,27,星野慶子,ガールズアンドパンツァー
12,28,フロスト,マジカルハロウィンシリーズ
12,28,キリマンジャロモーリー,ユニバーサルオリキャラ
12,28,未来,閃乱カグラ
12,28,雪音クリス,戦姫絶唱シンフォギア
12,28,鈴木マコト,東京リベンジャーズ
12,29,高山紗代子,アイドルマスターミリオンライブ
12,29,ダルザナ・マグバレッジ,アルドノア・ゼロ
12,29,高鴨綾乃,咲-Saki-
12,30,ロイド・ブレーム,マクロス⊿
12,30,パンプキン・ドリュー,RAVE
12,31,山田一二三,ダンガンロンパシリーズ
12,31,黎星刻,コードギアス
12,31,雪泉,閃乱カグラ
12,31,キャロライン雷電,宇宙戦艦ヤマト
12,31,ヴィリディアナ,ガールズアンドパンツァー
